-- phpMyAdmin SQL Dump
-- version 5.2.1
-- https://www.phpmyadmin.net/
--
-- Host: 127.0.0.1
-- Generation Time: Aug 14, 2025 at 09:45 AM
-- Server version: 10.4.32-MariaDB
-- PHP Version: 8.2.12

SET SQL_MODE = "NO_AUTO_VALUE_ON_ZERO";
START TRANSACTION;
SET time_zone = "+00:00";


/*!40101 SET @OLD_CHARACTER_SET_CLIENT=@@CHARACTER_SET_CLIENT */;
/*!40101 SET @OLD_CHARACTER_SET_RESULTS=@@CHARACTER_SET_RESULTS */;
/*!40101 SET @OLD_COLLATION_CONNECTION=@@COLLATION_CONNECTION */;
/*!40101 SET NAMES utf8mb4 */;

--
-- Database: `hr31`
--

-- --------------------------------------------------------

--
-- Table structure for table `appraisal_cycles`
--

CREATE TABLE `appraisal_cycles` (
  `id` int(11) NOT NULL,
  `name` varchar(100) NOT NULL,
  `start_date` date NOT NULL,
  `end_date` date NOT NULL,
  `status` enum('active','inactive','completed') DEFAULT 'active',
  `created_at` timestamp NOT NULL DEFAULT current_timestamp(),
  `updated_at` timestamp NOT NULL DEFAULT current_timestamp() ON UPDATE current_timestamp()
) ENGINE=InnoDB DEFAULT CHARSET=utf8mb4 COLLATE=utf8mb4_general_ci;

--
-- Dumping data for table `appraisal_cycles`
--

INSERT INTO `appraisal_cycles` (`id`, `name`, `start_date`, `end_date`, `status`, `created_at`, `updated_at`) VALUES
(1, 'Q4 2025/2026 Performance Review', '2026-04-01', '2026-06-30', 'active', '2025-08-11 11:29:14', '2025-08-11 13:55:02'),
(2, 'Q1 2025/2026 Performance Review', '2025-07-01', '2025-09-30', 'active', '2025-08-11 11:29:14', '2025-08-11 13:53:26'),
(3, 'Q2 2025/2026 Performance Review', '2025-10-01', '2025-12-31', 'active', '2025-08-11 11:29:14', '2025-08-11 13:53:36'),
(4, 'Annual Review 2025', '2025-01-01', '2025-12-31', 'active', '2025-08-11 11:29:14', '2025-08-11 11:29:14'),
(5, 'Q3 2025/2026 Performance Review', '2026-01-01', '2026-03-31', 'active', '2025-08-11 13:52:29', '2025-08-11 13:52:29');

-- --------------------------------------------------------

--
-- Table structure for table `appraisal_scores`
--

CREATE TABLE `appraisal_scores` (
  `id` int(11) NOT NULL,
  `employee_appraisal_id` int(11) NOT NULL,
  `performance_indicator_id` int(11) NOT NULL,
  `score` decimal(3,2) DEFAULT NULL,
  `appraiser_comment` text DEFAULT NULL,
  `created_at` timestamp NOT NULL DEFAULT current_timestamp(),
  `updated_at` timestamp NOT NULL DEFAULT current_timestamp() ON UPDATE current_timestamp()
) ENGINE=InnoDB DEFAULT CHARSET=utf8mb4 COLLATE=utf8mb4_general_ci;

--
-- Dumping data for table `appraisal_scores`
--

INSERT INTO `appraisal_scores` (`id`, `employee_appraisal_id`, `performance_indicator_id`, `score`, `appraiser_comment`, `created_at`, `updated_at`) VALUES
(1, 2, 1, 1.00, '', '2025-08-11 13:39:38', '2025-08-13 07:40:26'),
(2, 2, 2, 1.00, '', '2025-08-11 13:39:38', '2025-08-13 07:40:26'),
(3, 2, 3, 1.00, '', '2025-08-11 13:39:38', '2025-08-13 07:40:26'),
(4, 2, 4, 1.00, '', '2025-08-11 13:39:38', '2025-08-13 07:40:26'),
(5, 2, 5, 1.00, '', '2025-08-11 13:39:39', '2025-08-13 07:40:26'),
(6, 2, 6, 1.00, '', '2025-08-11 13:39:39', '2025-08-13 07:40:26'),
(7, 2, 7, 1.00, '', '2025-08-11 13:39:39', '2025-08-13 07:40:27'),
(8, 8, 1, 5.00, '', '2025-08-13 05:03:58', '2025-08-13 05:03:58'),
(9, 8, 2, 0.00, '', '2025-08-13 05:03:59', '2025-08-13 05:03:59'),
(10, 8, 3, 0.00, '', '2025-08-13 05:03:59', '2025-08-13 05:03:59'),
(11, 8, 4, 0.00, '', '2025-08-13 05:03:59', '2025-08-13 05:03:59'),
(12, 8, 5, 0.00, '', '2025-08-13 05:03:59', '2025-08-13 05:03:59'),
(13, 8, 6, 0.00, '', '2025-08-13 05:03:59', '2025-08-13 05:03:59'),
(14, 8, 7, 0.00, '', '2025-08-13 05:03:59', '2025-08-13 05:03:59'),
(15, 3, 1, 1.00, '', '2025-08-13 07:32:01', '2025-08-13 07:32:11'),
(16, 3, 2, 1.00, '', '2025-08-13 07:32:01', '2025-08-13 07:32:11'),
(18, 3, 3, 1.00, '', '2025-08-13 07:32:01', '2025-08-13 07:32:11'),
(19, 3, 4, 1.00, '', '2025-08-13 07:32:01', '2025-08-13 07:32:11'),
(20, 3, 5, 1.00, '', '2025-08-13 07:32:01', '2025-08-13 07:32:11'),
(21, 3, 6, 1.00, '', '2025-08-13 07:32:01', '2025-08-13 07:32:11'),
(22, 3, 7, 1.00, '', '2025-08-13 07:32:01', '2025-08-13 07:32:11'),
(135, 5, 1, 4.30, '', '2025-08-13 07:51:10', '2025-08-13 08:14:52'),
(136, 5, 2, 9.99, '', '2025-08-13 07:51:10', '2025-08-13 08:14:52'),
(138, 5, 3, 0.00, '', '2025-08-13 07:51:11', '2025-08-13 08:14:53'),
(139, 5, 4, 0.00, '', '2025-08-13 07:51:11', '2025-08-13 08:14:53'),
(140, 5, 5, 0.00, '', '2025-08-13 07:51:11', '2025-08-13 08:14:53'),
(141, 5, 6, 0.00, '', '2025-08-13 07:51:11', '2025-08-13 08:14:53'),
(142, 5, 7, 0.00, '', '2025-08-13 07:51:11', '2025-08-13 08:14:53'),
(199, 7, 1, 3.00, '', '2025-08-14 05:58:06', '2025-08-14 06:23:06'),
(200, 7, 2, 3.00, '', '2025-08-14 05:58:08', '2025-08-14 06:23:07'),
(201, 7, 3, 3.00, '', '2025-08-14 05:58:09', '2025-08-14 06:23:07'),
(202, 7, 4, 3.00, '', '2025-08-14 05:58:09', '2025-08-14 06:23:08'),
(203, 7, 5, 3.00, '', '2025-08-14 05:58:10', '2025-08-14 06:23:08'),
(204, 7, 6, 3.00, '', '2025-08-14 05:58:10', '2025-08-14 06:23:09'),
(205, 7, 7, 3.00, '', '2025-08-14 05:58:10', '2025-08-14 06:23:10'),
(311, 1, 1, 2.00, '', '2025-08-14 06:24:45', '2025-08-14 06:25:12'),
(312, 1, 2, 2.00, '', '2025-08-14 06:24:46', '2025-08-14 06:25:12'),
(313, 1, 3, 2.00, '', '2025-08-14 06:24:46', '2025-08-14 06:25:12'),
(314, 1, 4, 2.00, '', '2025-08-14 06:24:46', '2025-08-14 06:25:12'),
(315, 1, 5, 2.00, '', '2025-08-14 06:24:47', '2025-08-14 06:25:12'),
(316, 1, 6, 2.00, '', '2025-08-14 06:24:47', '2025-08-14 06:25:13'),
(317, 1, 7, 2.00, '', '2025-08-14 06:24:48', '2025-08-14 06:25:13');

-- --------------------------------------------------------

--
-- Table structure for table `departments`
--

CREATE TABLE `departments` (
  `id` int(11) NOT NULL,
  `name` varchar(100) NOT NULL,
  `description` text DEFAULT NULL,
  `created_at` timestamp NOT NULL DEFAULT current_timestamp(),
  `updated_at` timestamp NOT NULL DEFAULT current_timestamp() ON UPDATE current_timestamp()
) ENGINE=InnoDB DEFAULT CHARSET=utf8mb4 COLLATE=utf8mb4_general_ci;

--
-- Dumping data for table `departments`
--

INSERT INTO `departments` (`id`, `name`, `description`, `created_at`, `updated_at`) VALUES
(1, 'Admin', 'Manages employee relations and company policies', '2025-07-19 06:04:13', '2025-07-19 06:04:13'),
(2, 'Commercial', 'Handles sales, marketing, and customer relations', '2025-07-19 06:04:13', '2025-07-19 06:04:13'),
(3, 'Technical', 'Manages technical operations and development', '2025-07-19 06:04:13', '2025-07-19 06:04:13'),
(4, 'Corporate Affairs', 'Handles legal, compliance, and corporate governance', '2025-07-19 06:04:13', '2025-07-19 06:04:13'),
(5, 'Fort-Aqua', 'Water management and supply operations', '2025-07-19 06:04:13', '2025-07-19 06:04:13');

-- --------------------------------------------------------

--
-- Table structure for table `employees`
--

CREATE TABLE `employees` (
  `id` int(11) NOT NULL,
  `employee_id` varchar(50) DEFAULT NULL,
  `first_name` varchar(100) DEFAULT NULL,
  `last_name` varchar(100) DEFAULT NULL,
  `gender` varchar(10) NOT NULL,
  `national_id` int(10) NOT NULL,
  `email` varchar(255) DEFAULT NULL,
  `designation` varchar(50) NOT NULL,
  `phone` varchar(20) DEFAULT NULL,
  `date_of_birth` date NOT NULL,
  `address` text DEFAULT NULL,
  `department_id` int(11) DEFAULT NULL,
  `section_id` int(11) DEFAULT NULL,
  `position` varchar(100) DEFAULT NULL,
  `salary` decimal(10,2) DEFAULT NULL,
  `hire_date` date DEFAULT NULL,
  `employment_type` varchar(20) NOT NULL,
  `employee_type` varchar(20) NOT NULL,
  `profile_image_url` varchar(500) DEFAULT NULL,
  `created_at` timestamp NOT NULL DEFAULT current_timestamp(),
  `updated_at` timestamp NOT NULL DEFAULT current_timestamp() ON UPDATE current_timestamp(),
  `employee_status` enum('active','inactive','resigned','fired','retired') NOT NULL DEFAULT 'active'
) ENGINE=InnoDB DEFAULT CHARSET=utf8mb4 COLLATE=utf8mb4_general_ci;

--
-- Dumping data for table `employees`
--

INSERT INTO `employees` (`id`, `employee_id`, `first_name`, `last_name`, `gender`, `national_id`, `email`, `designation`, `phone`, `date_of_birth`, `address`, `department_id`, `section_id`, `position`, `salary`, `hire_date`, `employment_type`, `employee_type`, `profile_image_url`, `created_at`, `updated_at`, `employee_status`) VALUES
(5, 'EMP009', 'Josephine', 'Kangara', '', 3987654, 'josephine@gmail.com', '0', '0768525478', '1971-12-12', 'Kiambu', 2, 4, NULL, NULL, '2025-07-03', 'permanent', 'section_head', NULL, '2025-07-22 10:20:00', '2025-07-22 11:01:38', 'active'),
(104, 'EMP001', 'duncan', 'karenju', '', 40135584, 'karenjuduncan750@gmail.com', '0', '0112554479', '2008-03-04', 'Kiambu', 1, 2, NULL, NULL, '2025-07-18', 'contract', 'section_head', NULL, '2025-07-22 06:20:38', '2025-07-22 06:20:38', 'active'),
(111, '003', 'joseph', 'kamau', '', 105021, 'joseph@gmail.com', 'Employee', 'undefined', '0000-00-00', '1050', 3, 7, NULL, NULL, '2025-07-02', 'permanent', 'manager', NULL, '2025-07-21 10:48:26', '2025-07-21 11:27:58', 'active'),
(112, '004', 'jack', 'kamau', '', 1050, 'jack@gmail.com', '0', 'undefined', '2025-07-02', '1050', 2, 5, NULL, NULL, '2025-07-01', 'permanent', 'officer', NULL, '2025-07-21 10:49:38', '2025-07-22 06:26:55', 'active'),
(113, '001', 'john', 'kamau', '', 1050, 'john@gmail.com', 'Employee', '0707699054', '0000-00-00', '1050', NULL, NULL, NULL, NULL, '2025-07-01', 'permanent', 'managing_director', NULL, '2025-07-21 10:39:55', '2025-07-21 11:28:28', 'active'),
(114, '002', 'mike', 'kamau', '', 1245, 'mike@gmail.com', 'Employee', 'undefined', '0000-00-00', '1050', 2, NULL, NULL, NULL, '2025-07-02', 'permanent', 'dept_head', NULL, '2025-07-21 10:43:36', '2025-07-21 11:26:46', 'active'),
(118, 'EMP008', 'Mwangi', 'Kabii', 'male', 3987654, 'mwangikabii@gmail.com', '0', '0790765431', '1999-03-11', 'Kiambu', 2, 4, NULL, NULL, '2025-07-04', 'permanent', 'officer', NULL, '2025-07-22 07:23:07', '2025-08-07 11:56:31', 'active'),
(121, 'EMP10', 'Hezron', 'Njoroge', '', 3987654, 'hezronnjoro@gmail.com', '0', '0786542982', '1987-03-11', 'Mukurweini', 2, NULL, NULL, NULL, '2025-01-01', 'permanent', 'dept_head', NULL, '2025-07-22 10:32:58', '2025-07-22 10:32:58', 'active'),
(122, '150', 'will', 'smith', '', 123546, 'will@gmail.com', '0', '0786542982', '2025-07-01', 'Mukurweini', 2, 5, NULL, NULL, '2025-07-15', 'permanent', 'officer', NULL, '2025-07-23 16:16:36', '2025-07-23 16:16:36', 'active'),
(134, '161', 'hash', 'pappy', '', 126354, 'hash@gmail.com', '0', '0707070708', '2025-07-01', '1050', 2, 5, NULL, NULL, '2025-07-21', 'permanent', 'section_head', NULL, '2025-07-23 16:45:44', '2025-07-23 16:45:44', 'active'),
(135, 'EMP020', 'LUCY', 'WANJIKU', 'female', 123987, 'lucy@gmail.com', '0', '0707070708', '2025-07-01', 'Kiambu', 1, 1, NULL, NULL, '2025-07-01', 'permanent', 'hr_manager', NULL, '2025-07-24 18:24:31', '2025-08-06 09:56:54', 'active'),
(136, 'EMP015', 'Mwangi', 'Mwangi', '', 33679875, 'martinmwangi14@gmail.com', '0', '073354566645', '1967-03-12', 'Kihoya', 2, 4, NULL, NULL, '2023-08-25', 'permanent', 'officer', NULL, '2025-07-25 05:03:20', '2025-07-25 05:03:20', 'active'),
(143, 'EMP019', 'Dancan', 'karenju', '', 33890765, 'karenjuduncan70@gmail.com', 'Innovation', '0112554479', '1987-09-08', 'Kiambu', NULL, NULL, NULL, NULL, '2024-10-10', 'permanent', 'managing_director', NULL, '2025-07-29 10:09:46', '2025-07-29 10:09:46', 'active');

-- --------------------------------------------------------

--
-- Table structure for table `employee_appraisals`
--

CREATE TABLE `employee_appraisals` (
  `id` int(11) NOT NULL,
  `employee_id` int(11) NOT NULL,
  `appraiser_id` int(11) NOT NULL,
  `appraisal_cycle_id` int(11) NOT NULL,
  `employee_comment` text DEFAULT NULL,
  `employee_comment_date` timestamp NULL DEFAULT NULL,
  `submitted_at` timestamp NULL DEFAULT NULL,
  `status` enum('draft','awaiting_employee','submitted','completed','awaiting_submission') DEFAULT 'draft',
  `created_at` timestamp NOT NULL DEFAULT current_timestamp(),
  `updated_at` timestamp NOT NULL DEFAULT current_timestamp() ON UPDATE current_timestamp()
) ENGINE=InnoDB DEFAULT CHARSET=utf8mb4 COLLATE=utf8mb4_general_ci;

--
-- Dumping data for table `employee_appraisals`
--

INSERT INTO `employee_appraisals` (`id`, `employee_id`, `appraiser_id`, `appraisal_cycle_id`, `employee_comment`, `employee_comment_date`, `submitted_at`, `status`, `created_at`, `updated_at`) VALUES
(1, 118, 5, 3, 'appraised', '2025-08-14 06:26:15', NULL, 'awaiting_employee', '2025-08-11 12:08:07', '2025-08-14 06:26:15'),
(2, 136, 5, 3, NULL, NULL, NULL, 'awaiting_employee', '2025-08-11 12:54:09', '2025-08-13 07:40:27'),
(3, 118, 5, 1, 'good', '2025-08-13 07:33:08', '2025-08-13 07:37:01', 'submitted', '2025-08-12 08:41:45', '2025-08-13 07:37:01'),
(4, 136, 5, 1, NULL, NULL, NULL, 'draft', '2025-08-12 16:59:40', '2025-08-12 16:59:40'),
(5, 143, 135, 1, NULL, NULL, NULL, 'awaiting_employee', '2025-08-12 17:57:25', '2025-08-13 08:14:53'),
(6, 104, 135, 1, NULL, NULL, NULL, 'draft', '2025-08-12 17:57:37', '2025-08-12 17:57:37'),
(7, 134, 135, 1, NULL, NULL, NULL, 'awaiting_employee', '2025-08-12 17:57:44', '2025-08-14 06:23:10'),
(8, 121, 135, 1, NULL, NULL, NULL, 'awaiting_employee', '2025-08-12 17:57:53', '2025-08-13 05:04:00'),
(10, 112, 135, 1, NULL, NULL, NULL, 'draft', '2025-08-12 18:14:29', '2025-08-12 18:14:29'),
(11, 113, 135, 1, NULL, NULL, NULL, 'draft', '2025-08-12 18:14:30', '2025-08-12 18:14:30'),
(12, 111, 135, 1, NULL, NULL, NULL, 'draft', '2025-08-12 18:29:42', '2025-08-12 18:29:42'),
(13, 5, 135, 1, NULL, NULL, NULL, 'draft', '2025-08-12 18:29:43', '2025-08-12 18:29:43'),
(14, 114, 135, 1, NULL, NULL, NULL, 'draft', '2025-08-12 18:29:43', '2025-08-12 18:29:43'),
(17, 122, 135, 1, NULL, NULL, NULL, 'draft', '2025-08-12 18:36:02', '2025-08-12 18:36:02'),
(18, 118, 5, 2, NULL, NULL, NULL, 'draft', '2025-08-13 07:40:36', '2025-08-13 07:40:36'),
(19, 136, 5, 2, NULL, NULL, NULL, 'draft', '2025-08-13 07:40:36', '2025-08-13 07:40:36'),
(20, 104, 135, 5, NULL, NULL, NULL, 'draft', '2025-08-13 18:25:43', '2025-08-13 18:25:43'),
(21, 104, 135, 3, NULL, NULL, NULL, 'draft', '2025-08-13 18:25:50', '2025-08-13 18:25:50'),
(22, 104, 135, 2, NULL, NULL, NULL, 'draft', '2025-08-13 18:25:52', '2025-08-13 18:25:52'),
(23, 118, 135, 5, NULL, NULL, NULL, 'draft', '2025-08-13 18:26:09', '2025-08-13 18:26:09');

-- --------------------------------------------------------

--
-- Table structure for table `employee_leave_balances`
--

CREATE TABLE `employee_leave_balances` (
  `id` int(11) NOT NULL,
  `employee_id` varchar(50) NOT NULL,
  `leave_type_id` int(11) NOT NULL,
  `financial_year_id` int(11) NOT NULL,
  `allocated_days` decimal(5,2) NOT NULL DEFAULT 0.00,
  `used_days` decimal(5,2) NOT NULL DEFAULT 0.00,
  `remaining_days` decimal(5,2) NOT NULL DEFAULT 0.00,
  `total_days` int(200) NOT NULL,
  `created_at` timestamp NOT NULL DEFAULT current_timestamp(),
  `updated_at` timestamp NOT NULL DEFAULT current_timestamp() ON UPDATE current_timestamp()
) ENGINE=InnoDB DEFAULT CHARSET=utf8mb4 COLLATE=utf8mb4_general_ci;

--
-- Dumping data for table `employee_leave_balances`
--

INSERT INTO `employee_leave_balances` (`id`, `employee_id`, `leave_type_id`, `financial_year_id`, `allocated_days`, `used_days`, `remaining_days`, `total_days`, `created_at`, `updated_at`) VALUES
(562, '5', 1, 21, 30.00, 0.00, 30.00, 30, '2029-08-06 07:32:03', '2029-08-06 07:32:03'),
(563, '5', 2, 21, 10.00, 0.00, 10.00, 10, '2029-08-06 07:32:04', '2029-08-06 07:32:04'),
(564, '5', 3, 21, 10.00, 0.00, 10.00, 10, '2029-08-06 07:32:04', '2029-08-06 07:32:04'),
(565, '5', 4, 21, 10.00, 0.00, 10.00, 10, '2029-08-06 07:32:04', '2029-08-06 07:32:04'),
(566, '104', 2, 21, 10.00, 0.00, 10.00, 10, '2029-08-06 07:32:04', '2029-08-06 07:32:04'),
(567, '104', 3, 21, 10.00, 0.00, 10.00, 10, '2029-08-06 07:32:04', '2029-08-06 07:32:04'),
(568, '104', 4, 21, 10.00, 0.00, 10.00, 10, '2029-08-06 07:32:04', '2029-08-06 07:32:04'),
(569, '111', 1, 21, 30.00, 0.00, 30.00, 30, '2029-08-06 07:32:04', '2029-08-06 07:32:04'),
(570, '111', 2, 21, 10.00, 0.00, 10.00, 10, '2029-08-06 07:32:04', '2029-08-06 07:32:04'),
(571, '111', 3, 21, 10.00, 0.00, 10.00, 10, '2029-08-06 07:32:04', '2029-08-06 07:32:04'),
(572, '111', 4, 21, 10.00, 0.00, 10.00, 10, '2029-08-06 07:32:04', '2029-08-06 07:32:04'),
(573, '112', 1, 21, 30.00, 0.00, 30.00, 30, '2029-08-06 07:32:04', '2029-08-06 07:32:04'),
(574, '112', 2, 21, 10.00, 0.00, 10.00, 10, '2029-08-06 07:32:04', '2029-08-06 07:32:04'),
(575, '112', 3, 21, 10.00, 0.00, 10.00, 10, '2029-08-06 07:32:04', '2029-08-06 07:32:04'),
(576, '112', 4, 21, 10.00, 0.00, 10.00, 10, '2029-08-06 07:32:04', '2029-08-06 07:32:04'),
(577, '113', 1, 21, 30.00, 0.00, 30.00, 30, '2029-08-06 07:32:04', '2029-08-06 07:32:04'),
(578, '113', 2, 21, 10.00, 0.00, 10.00, 10, '2029-08-06 07:32:04', '2029-08-06 07:32:04'),
(579, '113', 3, 21, 10.00, 0.00, 10.00, 10, '2029-08-06 07:32:04', '2029-08-06 07:32:04'),
(580, '113', 4, 21, 10.00, 0.00, 10.00, 10, '2029-08-06 07:32:04', '2029-08-06 07:32:04'),
(581, '114', 1, 21, 30.00, 0.00, 30.00, 30, '2029-08-06 07:32:04', '2029-08-06 07:32:04'),
(582, '114', 2, 21, 10.00, 0.00, 10.00, 10, '2029-08-06 07:32:04', '2029-08-06 07:32:04'),
(583, '114', 3, 21, 10.00, 0.00, 10.00, 10, '2029-08-06 07:32:04', '2029-08-06 07:32:04'),
(584, '114', 4, 21, 10.00, 0.00, 10.00, 10, '2029-08-06 07:32:04', '2029-08-06 07:32:04'),
(585, '118', 1, 21, 30.00, 0.00, 30.00, 30, '2029-08-06 07:32:04', '2029-08-06 07:32:04'),
(586, '118', 2, 21, 10.00, 0.00, 10.00, 10, '2029-08-06 07:32:04', '2029-08-06 07:32:04'),
(587, '118', 3, 21, 10.00, 0.00, 10.00, 10, '2029-08-06 07:32:04', '2029-08-06 07:32:04'),
(588, '118', 4, 21, 10.00, 0.00, 10.00, 10, '2029-08-06 07:32:04', '2029-08-06 07:32:04'),
(589, '121', 1, 21, 30.00, 0.00, 30.00, 30, '2029-08-06 07:32:04', '2029-08-06 07:32:04'),
(590, '121', 2, 21, 10.00, 0.00, 10.00, 10, '2029-08-06 07:32:04', '2029-08-06 07:32:04'),
(591, '121', 3, 21, 10.00, 0.00, 10.00, 10, '2029-08-06 07:32:04', '2029-08-06 07:32:04'),
(592, '121', 4, 21, 10.00, 0.00, 10.00, 10, '2029-08-06 07:32:04', '2029-08-06 07:32:04'),
(593, '122', 1, 21, 30.00, 0.00, 30.00, 30, '2029-08-06 07:32:04', '2029-08-06 07:32:04'),
(594, '122', 2, 21, 10.00, 0.00, 10.00, 10, '2029-08-06 07:32:04', '2029-08-06 07:32:04'),
(595, '122', 3, 21, 10.00, 0.00, 10.00, 10, '2029-08-06 07:32:04', '2029-08-06 07:32:04'),
(596, '122', 4, 21, 10.00, 0.00, 10.00, 10, '2029-08-06 07:32:04', '2029-08-06 07:32:04'),
(597, '134', 1, 21, 30.00, 0.00, 30.00, 30, '2029-08-06 07:32:04', '2029-08-06 07:32:04'),
(598, '134', 2, 21, 10.00, 0.00, 10.00, 10, '2029-08-06 07:32:04', '2029-08-06 07:32:04'),
(599, '134', 3, 21, 10.00, 0.00, 10.00, 10, '2029-08-06 07:32:04', '2029-08-06 07:32:04'),
(600, '134', 4, 21, 10.00, 0.00, 10.00, 10, '2029-08-06 07:32:04', '2029-08-06 07:32:04'),
(601, '135', 1, 21, 30.00, 0.00, 30.00, 30, '2029-08-06 07:32:04', '2029-08-06 07:32:04'),
(602, '135', 2, 21, 10.00, 0.00, 10.00, 10, '2029-08-06 07:32:04', '2029-08-06 07:32:04'),
(603, '135', 3, 21, 10.00, 0.00, 10.00, 10, '2029-08-06 07:32:04', '2029-08-06 07:32:04'),
(604, '135', 4, 21, 10.00, 0.00, 10.00, 10, '2029-08-06 07:32:04', '2029-08-06 07:32:04'),
(605, '136', 1, 21, 30.00, 0.00, 30.00, 30, '2029-08-06 07:32:04', '2029-08-06 07:32:04'),
(606, '136', 2, 21, 10.00, 0.00, 10.00, 10, '2029-08-06 07:32:04', '2029-08-06 07:32:04'),
(607, '136', 3, 21, 10.00, 0.00, 10.00, 10, '2029-08-06 07:32:04', '2029-08-06 07:32:04'),
(608, '136', 4, 21, 10.00, 0.00, 10.00, 10, '2029-08-06 07:32:04', '2029-08-06 07:32:04'),
(609, '143', 1, 21, 30.00, 0.00, 30.00, 30, '2029-08-06 07:32:04', '2029-08-06 07:32:04'),
(610, '143', 2, 21, 10.00, 0.00, 10.00, 10, '2029-08-06 07:32:04', '2029-08-06 07:32:04'),
(611, '143', 3, 21, 10.00, 0.00, 10.00, 10, '2029-08-06 07:32:04', '2029-08-06 07:32:04'),
(612, '143', 4, 21, 10.00, 0.00, 10.00, 10, '2029-08-06 07:32:04', '2029-08-06 07:32:04'),
(613, '5', 1, 22, 30.00, 0.00, 60.00, 60, '2030-08-06 07:37:53', '2030-08-06 07:37:53'),
(614, '5', 2, 22, 10.00, 0.00, 10.00, 10, '2030-08-06 07:37:53', '2030-08-06 07:37:53'),
(615, '5', 3, 22, 10.00, 0.00, 10.00, 10, '2030-08-06 07:37:53', '2030-08-06 07:37:53'),
(616, '5', 4, 22, 10.00, 0.00, 10.00, 10, '2030-08-06 07:37:53', '2030-08-06 07:37:53'),
(617, '104', 2, 22, 10.00, 0.00, 10.00, 10, '2030-08-06 07:37:53', '2030-08-06 07:37:53'),
(618, '104', 3, 22, 10.00, 0.00, 10.00, 10, '2030-08-06 07:37:53', '2030-08-06 07:37:53'),
(619, '104', 4, 22, 10.00, 0.00, 10.00, 10, '2030-08-06 07:37:53', '2030-08-06 07:37:53'),
(620, '111', 1, 22, 30.00, 0.00, 60.00, 60, '2030-08-06 07:37:54', '2030-08-06 07:37:54'),
(621, '111', 2, 22, 10.00, 0.00, 10.00, 10, '2030-08-06 07:37:54', '2030-08-06 07:37:54'),
(622, '111', 3, 22, 10.00, 0.00, 10.00, 10, '2030-08-06 07:37:54', '2030-08-06 07:37:54'),
(623, '111', 4, 22, 10.00, 0.00, 10.00, 10, '2030-08-06 07:37:54', '2030-08-06 07:37:54'),
(624, '112', 1, 22, 30.00, 0.00, 60.00, 60, '2030-08-06 07:37:54', '2030-08-06 07:37:54'),
(625, '112', 2, 22, 10.00, 0.00, 10.00, 10, '2030-08-06 07:37:54', '2030-08-06 07:37:54'),
(626, '112', 3, 22, 10.00, 0.00, 10.00, 10, '2030-08-06 07:37:54', '2030-08-06 07:37:54'),
(627, '112', 4, 22, 10.00, 0.00, 10.00, 10, '2030-08-06 07:37:54', '2030-08-06 07:37:54'),
(628, '113', 1, 22, 30.00, 0.00, 60.00, 60, '2030-08-06 07:37:54', '2030-08-06 07:37:54'),
(629, '113', 2, 22, 10.00, 0.00, 10.00, 10, '2030-08-06 07:37:54', '2030-08-06 07:37:54'),
(630, '113', 3, 22, 10.00, 0.00, 10.00, 10, '2030-08-06 07:37:54', '2030-08-06 07:37:54'),
(631, '113', 4, 22, 10.00, 0.00, 10.00, 10, '2030-08-06 07:37:54', '2030-08-06 07:37:54'),
(632, '114', 1, 22, 30.00, 0.00, 60.00, 60, '2030-08-06 07:37:54', '2030-08-06 07:37:54'),
(633, '114', 2, 22, 10.00, 0.00, 10.00, 10, '2030-08-06 07:37:54', '2030-08-06 07:37:54'),
(634, '114', 3, 22, 10.00, 0.00, 10.00, 10, '2030-08-06 07:37:54', '2030-08-06 07:37:54'),
(635, '114', 4, 22, 10.00, 0.00, 10.00, 10, '2030-08-06 07:37:54', '2030-08-06 07:37:54'),
(636, '118', 1, 22, 30.00, 0.00, 60.00, 60, '2030-08-06 07:37:54', '2030-08-06 07:37:54'),
(637, '118', 2, 22, 10.00, 0.00, 10.00, 10, '2030-08-06 07:37:54', '2030-08-06 07:37:54'),
(638, '118', 3, 22, 10.00, 0.00, 10.00, 10, '2030-08-06 07:37:54', '2030-08-06 07:37:54'),
(639, '118', 4, 22, 10.00, 0.00, 10.00, 10, '2030-08-06 07:37:54', '2030-08-06 07:37:54'),
(640, '121', 1, 22, 30.00, 0.00, 60.00, 60, '2030-08-06 07:37:54', '2030-08-06 07:37:54'),
(641, '121', 2, 22, 10.00, 0.00, 10.00, 10, '2030-08-06 07:37:54', '2030-08-06 07:37:54'),
(642, '121', 3, 22, 10.00, 0.00, 10.00, 10, '2030-08-06 07:37:54', '2030-08-06 07:37:54'),
(643, '121', 4, 22, 10.00, 0.00, 10.00, 10, '2030-08-06 07:37:54', '2030-08-06 07:37:54'),
(644, '122', 1, 22, 30.00, 0.00, 60.00, 60, '2030-08-06 07:37:54', '2030-08-06 07:37:54'),
(645, '122', 2, 22, 10.00, 0.00, 10.00, 10, '2030-08-06 07:37:54', '2030-08-06 07:37:54'),
(646, '122', 3, 22, 10.00, 0.00, 10.00, 10, '2030-08-06 07:37:54', '2030-08-06 07:37:54'),
(647, '122', 4, 22, 10.00, 0.00, 10.00, 10, '2030-08-06 07:37:54', '2030-08-06 07:37:54'),
(648, '134', 1, 22, 30.00, 0.00, 60.00, 60, '2030-08-06 07:37:54', '2030-08-06 07:37:54'),
(649, '134', 2, 22, 10.00, 0.00, 10.00, 10, '2030-08-06 07:37:54', '2030-08-06 07:37:54'),
(650, '134', 3, 22, 10.00, 0.00, 10.00, 10, '2030-08-06 07:37:54', '2030-08-06 07:37:54'),
(651, '134', 4, 22, 10.00, 0.00, 10.00, 10, '2030-08-06 07:37:54', '2030-08-06 07:37:54'),
(652, '135', 1, 22, 30.00, 0.00, 60.00, 60, '2030-08-06 07:37:54', '2030-08-06 07:37:54'),
(653, '135', 2, 22, 10.00, 0.00, 10.00, 10, '2030-08-06 07:37:54', '2030-08-06 07:37:54'),
(654, '135', 3, 22, 10.00, 0.00, 10.00, 10, '2030-08-06 07:37:54', '2030-08-06 07:37:54'),
(655, '135', 4, 22, 10.00, 0.00, 10.00, 10, '2030-08-06 07:37:54', '2030-08-06 07:37:54'),
(656, '136', 1, 22, 30.00, 0.00, 60.00, 60, '2030-08-06 07:37:54', '2030-08-06 07:37:54'),
(657, '136', 2, 22, 10.00, 0.00, 10.00, 10, '2030-08-06 07:37:54', '2030-08-06 07:37:54'),
(658, '136', 3, 22, 10.00, 0.00, 10.00, 10, '2030-08-06 07:37:54', '2030-08-06 07:37:54'),
(659, '136', 4, 22, 10.00, 0.00, 10.00, 10, '2030-08-06 07:37:54', '2030-08-06 07:37:54'),
(660, '143', 1, 22, 30.00, 0.00, 60.00, 60, '2030-08-06 07:37:54', '2030-08-06 07:37:54'),
(661, '143', 2, 22, 10.00, 0.00, 10.00, 10, '2030-08-06 07:37:54', '2030-08-06 07:37:54'),
(662, '143', 3, 22, 10.00, 0.00, 10.00, 10, '2030-08-06 07:37:54', '2030-08-06 07:37:54'),
(663, '143', 4, 22, 10.00, 0.00, 10.00, 10, '2030-08-06 07:37:54', '2030-08-06 07:37:54'),
(664, '5', 1, 23, 30.00, 0.00, 90.00, 90, '2032-08-06 09:50:48', '2032-08-06 09:50:48'),
(665, '5', 5, 23, 10.00, 0.00, 10.00, 10, '2032-08-06 09:50:48', '2032-08-06 09:50:48'),
(666, '5', 3, 23, 10.00, 0.00, 10.00, 10, '2032-08-06 09:50:48', '2032-08-06 09:50:48'),
(667, '5', 7, 23, 10.00, 0.00, 10.00, 10, '2032-08-06 09:50:48', '2032-08-06 09:50:48'),
(668, '104', 5, 23, 10.00, 0.00, 10.00, 10, '2032-08-06 09:50:48', '2032-08-06 09:50:48'),
(669, '104', 3, 23, 10.00, 0.00, 10.00, 10, '2032-08-06 09:50:48', '2032-08-06 09:50:48'),
(670, '104', 7, 23, 10.00, 0.00, 10.00, 10, '2032-08-06 09:50:48', '2032-08-06 09:50:48'),
(671, '111', 1, 23, 30.00, 0.00, 90.00, 90, '2032-08-06 09:50:48', '2032-08-06 09:50:48'),
(672, '111', 5, 23, 10.00, 0.00, 10.00, 10, '2032-08-06 09:50:48', '2032-08-06 09:50:48'),
(673, '111', 3, 23, 10.00, 0.00, 10.00, 10, '2032-08-06 09:50:48', '2032-08-06 09:50:48'),
(674, '111', 7, 23, 10.00, 0.00, 10.00, 10, '2032-08-06 09:50:48', '2032-08-06 09:50:48'),
(675, '112', 1, 23, 30.00, 0.00, 90.00, 90, '2032-08-06 09:50:48', '2032-08-06 09:50:48'),
(676, '112', 5, 23, 10.00, 0.00, 10.00, 10, '2032-08-06 09:50:48', '2032-08-06 09:50:48'),
(677, '112', 3, 23, 10.00, 0.00, 10.00, 10, '2032-08-06 09:50:48', '2032-08-06 09:50:48'),
(678, '112', 7, 23, 10.00, 0.00, 10.00, 10, '2032-08-06 09:50:50', '2032-08-06 09:50:50'),
(679, '113', 1, 23, 30.00, 0.00, 90.00, 90, '2032-08-06 09:50:51', '2032-08-06 09:50:51'),
(680, '113', 5, 23, 10.00, 0.00, 10.00, 10, '2032-08-06 09:50:51', '2032-08-06 09:50:51'),
(681, '113', 3, 23, 10.00, 0.00, 10.00, 10, '2032-08-06 09:50:51', '2032-08-06 09:50:51'),
(682, '113', 7, 23, 10.00, 0.00, 10.00, 10, '2032-08-06 09:50:51', '2032-08-06 09:50:51'),
(683, '114', 1, 23, 30.00, 0.00, 90.00, 90, '2032-08-06 09:50:51', '2032-08-06 09:50:51'),
(684, '114', 5, 23, 10.00, 0.00, 10.00, 10, '2032-08-06 09:50:51', '2032-08-06 09:50:51'),
(685, '114', 3, 23, 10.00, 0.00, 10.00, 10, '2032-08-06 09:50:51', '2032-08-06 09:50:51'),
(686, '114', 7, 23, 10.00, 0.00, 10.00, 10, '2032-08-06 09:50:51', '2032-08-06 09:50:51'),
(687, '118', 1, 23, 30.00, 0.00, 90.00, 90, '2032-08-06 09:50:51', '2032-08-06 09:50:51'),
(688, '118', 5, 23, 10.00, 0.00, 10.00, 10, '2032-08-06 09:50:51', '2032-08-06 09:50:51'),
(689, '118', 3, 23, 10.00, 0.00, 10.00, 10, '2032-08-06 09:50:51', '2032-08-06 09:50:51'),
(690, '118', 7, 23, 10.00, 0.00, 10.00, 10, '2032-08-06 09:50:51', '2032-08-06 09:50:51'),
(691, '121', 1, 23, 30.00, 0.00, 90.00, 90, '2032-08-06 09:50:51', '2032-08-06 09:50:51'),
(692, '121', 5, 23, 10.00, 0.00, 10.00, 10, '2032-08-06 09:50:51', '2032-08-06 09:50:51'),
(693, '121', 3, 23, 10.00, 0.00, 10.00, 10, '2032-08-06 09:50:51', '2032-08-06 09:50:51'),
(694, '121', 7, 23, 10.00, 0.00, 10.00, 10, '2032-08-06 09:50:51', '2032-08-06 09:50:51'),
(695, '122', 1, 23, 30.00, 0.00, 90.00, 90, '2032-08-06 09:50:51', '2032-08-06 09:50:51'),
(696, '122', 5, 23, 10.00, 0.00, 10.00, 10, '2032-08-06 09:50:51', '2032-08-06 09:50:51'),
(697, '122', 3, 23, 10.00, 0.00, 10.00, 10, '2032-08-06 09:50:51', '2032-08-06 09:50:51'),
(698, '122', 7, 23, 10.00, 0.00, 10.00, 10, '2032-08-06 09:50:51', '2032-08-06 09:50:51'),
(699, '134', 1, 23, 30.00, 0.00, 90.00, 90, '2032-08-06 09:50:51', '2032-08-06 09:50:51'),
(700, '134', 5, 23, 10.00, 0.00, 10.00, 10, '2032-08-06 09:50:51', '2032-08-06 09:50:51'),
(701, '134', 3, 23, 10.00, 0.00, 10.00, 10, '2032-08-06 09:50:51', '2032-08-06 09:50:51'),
(702, '134', 7, 23, 10.00, 0.00, 10.00, 10, '2032-08-06 09:50:51', '2032-08-06 09:50:51'),
(703, '135', 1, 23, 30.00, 0.00, 90.00, 90, '2032-08-06 09:50:51', '2032-08-06 09:50:51'),
(704, '135', 5, 23, 10.00, 0.00, 10.00, 10, '2032-08-06 09:50:51', '2032-08-06 09:50:51'),
(705, '135', 3, 23, 10.00, 0.00, 10.00, 10, '2032-08-06 09:50:51', '2032-08-06 09:50:51'),
(706, '135', 7, 23, 10.00, 0.00, 10.00, 10, '2032-08-06 09:50:51', '2032-08-06 09:50:51'),
(707, '136', 1, 23, 30.00, 0.00, 90.00, 90, '2032-08-06 09:50:51', '2032-08-06 09:50:51'),
(708, '136', 5, 23, 10.00, 0.00, 10.00, 10, '2032-08-06 09:50:51', '2032-08-06 09:50:51'),
(709, '136', 3, 23, 10.00, 0.00, 10.00, 10, '2032-08-06 09:50:51', '2032-08-06 09:50:51'),
(710, '136', 7, 23, 10.00, 0.00, 10.00, 10, '2032-08-06 09:50:51', '2032-08-06 09:50:51'),
(711, '143', 1, 23, 30.00, 0.00, 90.00, 90, '2032-08-06 09:50:51', '2032-08-06 09:50:51'),
(712, '143', 5, 23, 10.00, 0.00, 10.00, 10, '2032-08-06 09:50:51', '2032-08-06 09:50:51'),
(713, '143', 3, 23, 10.00, 0.00, 10.00, 10, '2032-08-06 09:50:51', '2032-08-06 09:50:51'),
(714, '143', 7, 23, 10.00, 0.00, 10.00, 10, '2032-08-06 09:50:51', '2032-08-06 09:50:51'),
(715, '5', 1, 24, 30.00, 0.00, 120.00, 120, '2033-08-06 09:57:49', '2033-08-06 09:57:49'),
(716, '5', 5, 24, 10.00, 0.00, 10.00, 10, '2033-08-06 09:57:49', '2033-08-06 09:57:49'),
(717, '5', 2, 24, 10.00, 0.00, 10.00, 10, '2033-08-06 09:57:49', '2033-08-06 09:57:49'),
(718, '5', 7, 24, 10.00, 0.00, 10.00, 10, '2033-08-06 09:57:49', '2033-08-06 09:57:49'),
(719, '104', 5, 24, 10.00, 0.00, 10.00, 10, '2033-08-06 09:57:49', '2033-08-06 09:57:49'),
(720, '104', 2, 24, 10.00, 0.00, 10.00, 10, '2033-08-06 09:57:49', '2033-08-06 09:57:49'),
(721, '104', 7, 24, 10.00, 0.00, 10.00, 10, '2033-08-06 09:57:49', '2033-08-06 09:57:49'),
(722, '111', 1, 24, 30.00, 0.00, 120.00, 120, '2033-08-06 09:57:49', '2033-08-06 09:57:49'),
(723, '111', 5, 24, 10.00, 0.00, 10.00, 10, '2033-08-06 09:57:49', '2033-08-06 09:57:49'),
(724, '111', 2, 24, 10.00, 0.00, 10.00, 10, '2033-08-06 09:57:49', '2033-08-06 09:57:49'),
(725, '111', 7, 24, 10.00, 0.00, 10.00, 10, '2033-08-06 09:57:49', '2033-08-06 09:57:49'),
(726, '112', 1, 24, 30.00, 0.00, 120.00, 120, '2033-08-06 09:57:49', '2033-08-06 09:57:49'),
(727, '112', 5, 24, 10.00, 0.00, 10.00, 10, '2033-08-06 09:57:49', '2033-08-06 09:57:49'),
(728, '112', 2, 24, 10.00, 0.00, 10.00, 10, '2033-08-06 09:57:49', '2033-08-06 09:57:49'),
(729, '112', 7, 24, 10.00, 0.00, 10.00, 10, '2033-08-06 09:57:49', '2033-08-06 09:57:49'),
(730, '113', 1, 24, 30.00, 0.00, 120.00, 120, '2033-08-06 09:57:49', '2033-08-06 09:57:49'),
(731, '113', 5, 24, 10.00, 0.00, 10.00, 10, '2033-08-06 09:57:49', '2033-08-06 09:57:49'),
(732, '113', 2, 24, 10.00, 0.00, 10.00, 10, '2033-08-06 09:57:49', '2033-08-06 09:57:49'),
(733, '113', 7, 24, 10.00, 0.00, 10.00, 10, '2033-08-06 09:57:49', '2033-08-06 09:57:49'),
(734, '114', 1, 24, 30.00, 0.00, 120.00, 120, '2033-08-06 09:57:49', '2033-08-06 09:57:49'),
(735, '114', 5, 24, 10.00, 0.00, 10.00, 10, '2033-08-06 09:57:53', '2033-08-06 09:57:53'),
(736, '114', 2, 24, 10.00, 0.00, 10.00, 10, '2033-08-06 09:57:53', '2033-08-06 09:57:53'),
(737, '114', 7, 24, 10.00, 0.00, 10.00, 10, '2033-08-06 09:57:53', '2033-08-06 09:57:53'),
(738, '118', 1, 24, 30.00, 21.00, 99.00, 120, '2033-08-06 09:57:53', '2025-08-10 21:29:17'),
(739, '118', 5, 24, 10.00, 1.00, 9.00, 10, '2033-08-06 09:57:53', '2025-08-11 09:03:08'),
(740, '118', 2, 24, 10.00, 5.00, 5.00, 10, '2033-08-06 09:57:53', '2025-08-10 21:31:54'),
(741, '118', 7, 24, 10.00, 1.00, 9.00, 10, '2033-08-06 09:57:53', '2025-08-10 21:17:49'),
(742, '121', 1, 24, 30.00, 0.00, 120.00, 120, '2033-08-06 09:57:53', '2033-08-06 09:57:53'),
(743, '121', 5, 24, 10.00, 0.00, 10.00, 10, '2033-08-06 09:57:53', '2033-08-06 09:57:53'),
(744, '121', 2, 24, 10.00, 0.00, 10.00, 10, '2033-08-06 09:57:53', '2033-08-06 09:57:53'),
(745, '121', 7, 24, 10.00, 0.00, 10.00, 10, '2033-08-06 09:57:53', '2033-08-06 09:57:53'),
(746, '122', 1, 24, 30.00, 0.00, 120.00, 120, '2033-08-06 09:57:53', '2033-08-06 09:57:53'),
(747, '122', 5, 24, 10.00, 0.00, 10.00, 10, '2033-08-06 09:57:53', '2033-08-06 09:57:53'),
(748, '122', 2, 24, 10.00, 0.00, 10.00, 10, '2033-08-06 09:57:53', '2033-08-06 09:57:53'),
(749, '122', 7, 24, 10.00, 0.00, 10.00, 10, '2033-08-06 09:57:53', '2033-08-06 09:57:53'),
(750, '134', 1, 24, 30.00, 0.00, 120.00, 120, '2033-08-06 09:57:53', '2033-08-06 09:57:53'),
(751, '134', 5, 24, 10.00, 0.00, 10.00, 10, '2033-08-06 09:57:53', '2033-08-06 09:57:53'),
(752, '134', 2, 24, 10.00, 0.00, 10.00, 10, '2033-08-06 09:57:53', '2033-08-06 09:57:53'),
(753, '134', 7, 24, 10.00, 0.00, 10.00, 10, '2033-08-06 09:57:53', '2033-08-06 09:57:53'),
(754, '135', 1, 24, 30.00, 6.00, 114.00, 120, '2033-08-06 09:57:53', '2025-08-10 19:46:27'),
(755, '135', 5, 24, 10.00, 0.00, 10.00, 10, '2033-08-06 09:57:53', '2033-08-06 09:57:53'),
(756, '135', 2, 24, 10.00, 0.00, 10.00, 10, '2033-08-06 09:57:53', '2033-08-06 09:57:53'),
(757, '135', 3, 24, 120.00, 0.00, 120.00, 120, '2033-08-06 09:57:53', '2033-08-06 09:57:53'),
(758, '135', 7, 24, 10.00, 0.00, 10.00, 10, '2033-08-06 09:57:53', '2033-08-06 09:57:53'),
(759, '136', 1, 24, 30.00, 0.00, 120.00, 120, '2033-08-06 09:57:53', '2033-08-06 09:57:53'),
(760, '136', 5, 24, 10.00, 0.00, 10.00, 10, '2033-08-06 09:57:53', '2033-08-06 09:57:53'),
(761, '136', 2, 24, 10.00, 0.00, 10.00, 10, '2033-08-06 09:57:53', '2033-08-06 09:57:53'),
(762, '136', 7, 24, 10.00, 0.00, 10.00, 10, '2033-08-06 09:57:53', '2033-08-06 09:57:53'),
(763, '143', 1, 24, 30.00, 0.00, 120.00, 120, '2033-08-06 09:57:53', '2033-08-06 09:57:53'),
(764, '143', 5, 24, 10.00, 0.00, 10.00, 10, '2033-08-06 09:57:53', '2033-08-06 09:57:53'),
(765, '143', 2, 24, 10.00, 0.00, 10.00, 10, '2033-08-06 09:57:53', '2033-08-06 09:57:53'),
(766, '143', 7, 24, 10.00, 0.00, 10.00, 10, '2033-08-06 09:57:53', '2033-08-06 09:57:53');

-- --------------------------------------------------------

--
-- Table structure for table `financial_years`
--

CREATE TABLE `financial_years` (
  `id` int(11) NOT NULL,
  `start_date` date NOT NULL,
  `end_date` date NOT NULL,
  `year_name` varchar(100) NOT NULL,
  `total_days` int(11) NOT NULL,
  `is_active` tinyint(1) DEFAULT 1,
  `created_at` timestamp NOT NULL DEFAULT current_timestamp(),
  `updated_at` timestamp NOT NULL DEFAULT current_timestamp() ON UPDATE current_timestamp()
) ENGINE=InnoDB DEFAULT CHARSET=utf8mb4 COLLATE=utf8mb4_general_ci;

--
-- Dumping data for table `financial_years`
--

INSERT INTO `financial_years` (`id`, `start_date`, `end_date`, `year_name`, `total_days`, `is_active`, `created_at`, `updated_at`) VALUES
(18, '2026-07-01', '2027-06-30', '2026-2027', 365, 1, '2025-08-01 12:29:15', '2025-08-01 12:29:15'),
(19, '2027-07-01', '2028-06-30', '2027-2028', 366, 1, '2026-08-01 12:32:33', '2026-08-01 12:32:33'),
(20, '2028-07-01', '2029-06-30', '2028-2029', 365, 1, '2027-08-01 12:37:27', '2027-08-01 12:37:27'),
(21, '2030-07-01', '2031-06-30', '2030-2031', 365, 1, '2029-08-06 07:32:03', '2029-08-06 07:32:03'),
(22, '2031-07-01', '2032-06-30', '2031-2032', 366, 1, '2030-08-06 07:37:51', '2030-08-06 07:37:51'),
(23, '2032-07-01', '2033-06-30', '2032/33', 365, 1, '2032-08-06 09:50:47', '2032-08-06 09:50:47'),
(24, '2033-07-01', '2034-06-30', '2033/34', 365, 1, '2033-08-06 09:57:47', '2033-08-06 09:57:47');

-- --------------------------------------------------------

--
-- Table structure for table `holidays`
--

CREATE TABLE `holidays` (
  `id` int(11) NOT NULL,
  `name` varchar(100) NOT NULL,
  `date` date NOT NULL,
  `description` text DEFAULT NULL,
  `is_recurring` tinyint(1) DEFAULT 0,
  `created_at` timestamp NOT NULL DEFAULT current_timestamp()
) ENGINE=InnoDB DEFAULT CHARSET=utf8mb4 COLLATE=utf8mb4_general_ci;

--
-- Dumping data for table `holidays`
--

INSERT INTO `holidays` (`id`, `name`, `date`, `description`, `is_recurring`, `created_at`) VALUES
(1, 'Jamhuri day', '2025-12-12', 'To become a republic', 1, '2025-07-22 06:41:38');

-- --------------------------------------------------------

--
-- Table structure for table `leave_applications`
--

CREATE TABLE `leave_applications` (
  `id` int(11) NOT NULL,
  `employee_id` int(11) NOT NULL,
  `leave_type_id` int(11) NOT NULL,
  `start_date` date NOT NULL,
  `end_date` date NOT NULL,
  `days_requested` int(11) NOT NULL,
  `reason` text NOT NULL,
  `deduction_details` text DEFAULT NULL COMMENT 'JSON storage of deduction plan',
  `primary_days` int(11) DEFAULT 0 COMMENT 'Days deducted from primary leave type',
  `annual_days` int(11) DEFAULT 0 COMMENT 'Days deducted from annual leave',
  `unpaid_days` int(11) DEFAULT 0 COMMENT 'Days that are unpaid',
  `status` enum('pending','pending_section_head','pending_dept_head','pending_managing_director','pending_hr_manager','approved','rejected','cancelled') NOT NULL DEFAULT 'pending',
  `applied_at` timestamp NOT NULL DEFAULT current_timestamp(),
  `section_head_approval` enum('pending','approved','rejected') DEFAULT 'pending',
  `section_head_approved_by` varchar(50) DEFAULT NULL,
  `section_head_approved_at` timestamp NULL DEFAULT NULL,
  `dept_head_approval` enum('pending','approved','rejected') DEFAULT 'pending',
  `dept_head_approved_by` varchar(50) DEFAULT NULL,
  `dept_head_approved_at` timestamp NULL DEFAULT NULL,
  `hr_processed_by` varchar(50) DEFAULT NULL,
  `hr_processed_at` timestamp NULL DEFAULT NULL,
  `hr_comments` text DEFAULT NULL,
  `approver_id` int(11) DEFAULT NULL,
  `section_head_emp_id` int(11) DEFAULT NULL,
  `dept_head_emp_id` int(11) DEFAULT NULL,
  `days_deducted` int(11) DEFAULT 0,
  `days_from_annual` int(11) DEFAULT 0,
  `managing_director_approved_by` int(11) DEFAULT NULL,
  `hr_approved_by` int(11) DEFAULT NULL,
  `hr_approved_at` datetime DEFAULT NULL,
  `managing_director_approved_at` datetime DEFAULT NULL
) ENGINE=InnoDB DEFAULT CHARSET=utf8mb4 COLLATE=utf8mb4_general_ci;

--
-- Dumping data for table `leave_applications`
--

INSERT INTO `leave_applications` (`id`, `employee_id`, `leave_type_id`, `start_date`, `end_date`, `days_requested`, `reason`, `deduction_details`, `primary_days`, `annual_days`, `unpaid_days`, `status`, `applied_at`, `section_head_approval`, `section_head_approved_by`, `section_head_approved_at`, `dept_head_approval`, `dept_head_approved_by`, `dept_head_approved_at`, `hr_processed_by`, `hr_processed_at`, `hr_comments`, `approver_id`, `section_head_emp_id`, `dept_head_emp_id`, `days_deducted`, `days_from_annual`, `managing_director_approved_by`, `hr_approved_by`, `hr_approved_at`, `managing_director_approved_at`) VALUES
(1, 112, 6, '2025-07-22', '2025-07-28', 5, 'medical emergency', NULL, 0, 0, 0, 'approved', '2025-07-22 06:38:14', 'pending', NULL, NULL, 'pending', NULL, NULL, 'admin-001', '2025-07-22 06:38:25', NULL, NULL, NULL, NULL, 0, 0, NULL, NULL, NULL, NULL),
(2, 118, 4, '2025-07-23', '2025-07-30', 6, 'sick', NULL, 0, 0, 0, 'approved', '2025-07-22 07:27:34', 'pending', NULL, NULL, 'pending', NULL, NULL, '3', '2025-07-22 08:26:03', NULL, NULL, NULL, NULL, 0, 0, NULL, NULL, NULL, NULL),
(3, 118, 6, '2025-07-24', '2025-07-28', 3, 'short', NULL, 0, 0, 0, 'pending', '2025-07-24 15:04:28', 'pending', NULL, NULL, 'pending', NULL, NULL, NULL, NULL, NULL, NULL, NULL, NULL, 0, 0, NULL, NULL, NULL, NULL),
(4, 118, 6, '2025-07-25', '2025-07-29', 3, 'short', NULL, 0, 0, 0, '', '2025-07-24 17:32:17', 'pending', NULL, NULL, 'pending', NULL, NULL, NULL, NULL, NULL, NULL, 5, 121, 0, 0, NULL, NULL, NULL, NULL),
(5, 118, 6, '2025-07-25', '2025-07-29', 3, 'short', NULL, 0, 0, 0, '', '2025-07-24 17:32:45', 'pending', NULL, NULL, 'pending', NULL, NULL, NULL, NULL, NULL, NULL, 5, 121, 0, 0, NULL, NULL, NULL, NULL),
(6, 118, 6, '2025-07-25', '2025-07-29', 3, 'short', NULL, 0, 0, 0, 'pending', '2025-07-24 17:34:04', 'pending', NULL, NULL, 'pending', NULL, NULL, NULL, NULL, NULL, NULL, 5, 121, 0, 0, NULL, NULL, NULL, NULL),
(7, 118, 6, '2025-07-24', '2025-08-02', 7, 'short leave', NULL, 0, 0, 0, 'pending', '2025-07-24 17:34:40', 'pending', NULL, NULL, 'pending', NULL, NULL, NULL, NULL, NULL, NULL, 5, 121, 0, 0, NULL, NULL, NULL, NULL),
(8, 118, 6, '2025-07-24', '2025-07-31', 6, 'TEST', NULL, 0, 0, 0, 'pending', '2025-07-24 17:51:34', 'pending', NULL, NULL, 'pending', NULL, NULL, NULL, NULL, NULL, NULL, 5, 121, 0, 0, NULL, NULL, NULL, NULL),
(9, 118, 6, '2025-07-25', '2025-07-26', 1, 'TEST', NULL, 0, 0, 0, '', '2025-07-24 18:36:41', 'pending', NULL, NULL, 'pending', NULL, NULL, NULL, NULL, NULL, NULL, 5, 121, 0, 0, NULL, NULL, NULL, NULL),
(10, 118, 4, '2025-07-26', '2025-07-28', 1, 'TEST', NULL, 0, 0, 0, '', '2025-07-24 18:40:58', 'pending', NULL, NULL, 'pending', NULL, NULL, NULL, NULL, NULL, NULL, 5, 121, 0, 0, NULL, NULL, NULL, NULL),
(11, 118, 5, '2025-07-26', '2025-07-31', 4, 'school', NULL, 0, 0, 0, 'pending_section_head', '2025-07-25 03:16:34', 'pending', NULL, NULL, 'pending', NULL, NULL, NULL, NULL, NULL, NULL, 5, 121, 0, 0, NULL, NULL, NULL, NULL),
(12, 135, 6, '2025-07-28', '2025-07-31', 4, 'short', NULL, 0, 0, 0, 'pending_section_head', '2025-07-25 04:36:00', 'pending', NULL, NULL, 'pending', NULL, NULL, NULL, NULL, NULL, NULL, NULL, NULL, 0, 0, NULL, NULL, NULL, NULL),
(13, 118, 2, '2025-07-28', '2025-07-31', 4, 'sick leave', NULL, 0, 0, 0, 'pending_section_head', '2025-07-25 05:00:04', 'pending', NULL, NULL, 'pending', NULL, NULL, NULL, NULL, NULL, NULL, 5, 121, 0, 0, NULL, NULL, NULL, NULL),
(14, 136, 2, '2025-07-28', '2025-08-01', 5, 'checkup', NULL, 0, 0, 0, 'rejected', '2025-07-25 05:04:21', 'approved', '5', '2025-07-25 05:26:20', 'pending', '121', '2025-08-10 21:33:08', NULL, NULL, NULL, NULL, 5, 121, 0, 0, NULL, NULL, NULL, NULL),
(22, 135, 2, '2025-07-30', '2025-08-04', 4, 'sick', '{\"primary_deduction\":0,\"annual_deduction\":0,\"unpaid_days\":4,\"warnings\":[\"No available balance. All 4 days will be unpaid.\"],\"is_valid\":true,\"total_days\":4}', 0, 0, 4, 'pending_section_head', '2025-07-29 03:44:04', 'pending', NULL, NULL, 'pending', NULL, NULL, NULL, NULL, NULL, NULL, NULL, NULL, 0, 0, NULL, NULL, NULL, NULL),
(23, 118, 6, '2025-07-30', '2025-08-01', 3, 'short', '{\"primary_deduction\":0,\"annual_deduction\":3,\"unpaid_days\":0,\"warnings\":[\"Primary balance insufficient. 0 days from Short Leave, 3 days from Annual Leave.\"],\"is_valid\":true,\"total_days\":3}', 0, 3, 0, 'pending_section_head', '2025-07-29 06:03:59', 'pending', NULL, NULL, 'pending', NULL, NULL, NULL, NULL, NULL, NULL, 5, 121, 0, 0, NULL, NULL, NULL, NULL),
(25, 5, 2, '2025-07-30', '2025-08-04', 4, 'sick', '{\"primary_deduction\":0,\"annual_deduction\":0,\"unpaid_days\":4,\"warnings\":[\"No available balance. All 4 days will be unpaid.\"],\"is_valid\":true,\"total_days\":4}', 0, 0, 4, 'approved', '2025-07-29 09:04:27', 'pending', NULL, NULL, 'approved', '121', '2025-07-29 09:07:44', NULL, NULL, NULL, NULL, 5, 121, 0, 0, NULL, NULL, NULL, NULL),
(26, 5, 1, '2025-07-30', '2025-08-06', 6, 'annual leave', '{\"primary_deduction\":6,\"annual_deduction\":0,\"unpaid_days\":0,\"warnings\":[\"Will be deducted from Annual Leave balance.\"],\"is_valid\":true,\"total_days\":6}', 6, 0, 0, 'approved', '2025-07-29 09:14:31', 'pending', NULL, NULL, 'approved', '121', '2025-07-29 09:15:24', NULL, NULL, NULL, NULL, 5, 121, 0, 0, NULL, NULL, NULL, NULL),
(27, 121, 1, '2025-07-30', '2025-08-05', 5, 'ANNUAL', '{\"primary_deduction\":5,\"annual_deduction\":0,\"unpaid_days\":0,\"warnings\":[\"Will be deducted from Annual Leave balance.\"],\"is_valid\":true,\"total_days\":5}', 5, 0, 0, 'pending_managing_director', '2025-07-29 09:22:27', 'pending', NULL, NULL, 'pending', NULL, NULL, NULL, NULL, NULL, NULL, NULL, 121, 0, 0, NULL, NULL, NULL, NULL),
(28, 118, 1, '2025-08-08', '2025-08-11', 2, 'annual', '{\"primary_deduction\":2,\"annual_deduction\":0,\"unpaid_days\":0,\"warnings\":[\"Will be deducted from Annual Leave balance.\"],\"is_valid\":true,\"total_days\":2}', 2, 0, 0, 'approved', '2025-08-07 13:01:49', 'approved', '5', '2025-08-07 13:02:36', 'approved', '121', '2025-08-07 13:03:12', NULL, NULL, NULL, NULL, 5, 121, 0, 0, NULL, NULL, NULL, NULL),
(29, 118, 1, '2025-08-08', '2025-08-21', 10, 'annual', '{\"primary_deduction\":10,\"annual_deduction\":0,\"unpaid_days\":0,\"warnings\":[\"Will be deducted from Annual Leave balance.\"],\"is_valid\":true,\"total_days\":10}', 10, 0, 0, 'pending_dept_head', '2025-08-08 07:46:07', 'approved', '5', '2025-08-08 07:57:00', 'pending', NULL, NULL, NULL, NULL, NULL, NULL, 5, 121, 0, 0, NULL, NULL, NULL, NULL),
(30, 112, 1, '2025-08-08', '2025-08-12', 3, 'compassionate', '{\"primary_deduction\":0,\"annual_deduction\":0,\"unpaid_days\":3,\"warnings\":[\"Insufficient leave balance. 0 days from Annual Leave, 0 days from Annual Leave, 3 days will be unpaid.\"],\"is_valid\":true,\"total_days\":3}', 0, 0, 3, 'pending_managing_director', '2025-08-08 09:35:07', 'pending', NULL, NULL, 'pending', NULL, NULL, NULL, NULL, NULL, NULL, 134, 121, 0, 0, NULL, NULL, NULL, NULL),
(31, 135, 1, '2025-08-08', '2025-08-12', 3, 'annual', '{\"primary_deduction\":0,\"annual_deduction\":0,\"unpaid_days\":3,\"warnings\":[\"Insufficient leave balance. 0 days from Annual Leave, 0 days from Annual Leave, 3 days will be unpaid.\"],\"is_valid\":true,\"total_days\":3}', 0, 0, 3, 'approved', '2025-08-08 09:37:30', 'pending', NULL, NULL, 'pending', NULL, NULL, NULL, NULL, NULL, NULL, NULL, NULL, 0, 0, NULL, 135, '2025-08-10 22:46:27', NULL),
(32, 118, 1, '2025-08-08', '2025-08-12', 3, 'annual', '{\"primary_deduction\":3,\"annual_deduction\":0,\"unpaid_days\":0,\"warnings\":[\"Will be deducted from Annual Leave balance.\"],\"is_valid\":true,\"total_days\":3}', 3, 0, 0, 'pending_managing_director', '2025-08-08 09:44:49', 'pending', NULL, NULL, 'pending', NULL, NULL, NULL, NULL, NULL, NULL, 5, 121, 0, 0, NULL, NULL, NULL, NULL),
(33, 118, 1, '2025-08-08', '2025-08-09', 1, 'final test', '{\"primary_deduction\":1,\"annual_deduction\":0,\"unpaid_days\":0,\"warnings\":[\"Will be deducted from Annual Leave balance.\"],\"is_valid\":true,\"total_days\":1}', 1, 0, 0, 'pending_managing_director', '2025-08-08 09:48:09', 'pending', NULL, NULL, 'pending', NULL, NULL, NULL, NULL, NULL, NULL, 5, 121, 0, 0, NULL, NULL, NULL, NULL),
(34, 135, 1, '2025-08-08', '2025-08-12', 3, 'annual', '{\"primary_deduction\":0,\"annual_deduction\":0,\"unpaid_days\":3,\"warnings\":[\"Insufficient leave balance. 0 days from Annual Leave, 0 days from Annual Leave, 3 days will be unpaid.\"],\"is_valid\":true,\"total_days\":3}', 0, 0, 3, 'approved', '2025-08-08 10:01:51', 'pending', NULL, NULL, 'pending', NULL, NULL, NULL, NULL, NULL, NULL, NULL, NULL, 0, 0, NULL, 135, '2025-08-10 20:05:38', NULL),
(35, 118, 1, '2025-08-14', '2025-08-15', 2, 'APPLY', '{\"primary_deduction\":2,\"annual_deduction\":0,\"unpaid_days\":0,\"warnings\":[\"Will be deducted from Annual Leave balance.\"],\"is_valid\":true,\"total_days\":2}', 2, 0, 0, 'approved', '2025-08-08 11:14:20', 'pending', NULL, NULL, 'pending', NULL, NULL, NULL, NULL, NULL, NULL, 5, 121, 0, 0, NULL, 135, '2025-08-10 19:52:00', NULL),
(36, 136, 1, '2025-08-11', '2025-08-19', 7, 'SEVEN CLEAN', '{\"primary_deduction\":0,\"annual_deduction\":0,\"unpaid_days\":7,\"warnings\":[\"Insufficient leave balance. 0 days from Annual Leave, 0 days from Annual Leave, 7 days will be unpaid.\"],\"is_valid\":true,\"total_days\":7}', 0, 0, 7, '', '2025-08-10 14:58:29', 'approved', '5', '2025-08-10 15:00:10', 'approved', '121', '2025-08-10 15:57:28', NULL, NULL, NULL, NULL, 5, 121, 0, 0, NULL, NULL, NULL, NULL),
(37, 118, 1, '2025-08-11', '2025-08-14', 4, 'apply sunday test', '{\"primary_deduction\":4,\"annual_deduction\":0,\"unpaid_days\":0,\"warnings\":[\"Will be deducted from Annual Leave balance.\"],\"is_valid\":true,\"total_days\":4}', 4, 0, 0, 'approved', '2025-08-10 17:06:42', 'approved', '5', '2025-08-10 17:07:15', 'approved', '121', '2025-08-10 17:07:50', NULL, NULL, NULL, NULL, 5, 121, 0, 0, NULL, NULL, NULL, NULL),
(38, 118, 1, '2025-08-18', '2025-08-18', 1, 'sun 1', '{\"primary_deduction\":1,\"annual_deduction\":0,\"unpaid_days\":0,\"warnings\":[\"Will be deducted from Annual Leave balance.\"],\"is_valid\":true,\"total_days\":1}', 1, 0, 0, 'pending_section_head', '2025-08-10 17:10:25', 'pending', NULL, NULL, 'pending', NULL, NULL, NULL, NULL, NULL, NULL, 5, 121, 0, 0, NULL, NULL, NULL, NULL),
(39, 104, 7, '2025-08-11', '2025-08-13', 3, 'COM', '{\"primary_deduction\":0,\"annual_deduction\":0,\"unpaid_days\":3,\"warnings\":[\"No available balance. All 3 days will be unpaid.\"],\"is_valid\":true,\"total_days\":3}', 0, 0, 3, 'approved', '2025-08-10 17:33:18', 'pending', NULL, NULL, 'pending', NULL, NULL, NULL, NULL, NULL, NULL, NULL, NULL, 0, 0, NULL, NULL, NULL, NULL),
(40, 104, 7, '2025-08-11', '2025-08-13', 3, 'COM', '{\"primary_deduction\":0,\"annual_deduction\":0,\"unpaid_days\":3,\"warnings\":[\"No available balance. All 3 days will be unpaid.\"],\"is_valid\":true,\"total_days\":3}', 0, 0, 3, 'approved', '2025-08-10 17:36:06', 'pending', NULL, NULL, 'pending', NULL, NULL, NULL, NULL, NULL, NULL, NULL, NULL, 0, 0, NULL, NULL, NULL, NULL),
(41, 104, 7, '2025-08-11', '2025-08-13', 3, 'COM', '{\"primary_deduction\":0,\"annual_deduction\":0,\"unpaid_days\":3,\"warnings\":[\"No available balance. All 3 days will be unpaid.\"],\"is_valid\":true,\"total_days\":3}', 0, 0, 3, 'approved', '2025-08-10 17:36:19', 'pending', NULL, NULL, 'pending', NULL, NULL, NULL, NULL, NULL, NULL, NULL, NULL, 0, 0, NULL, NULL, NULL, NULL),
(42, 104, 7, '2025-08-11', '2025-08-13', 3, 'COM', '{\"primary_deduction\":0,\"annual_deduction\":0,\"unpaid_days\":3,\"warnings\":[\"No available balance. All 3 days will be unpaid.\"],\"is_valid\":true,\"total_days\":3}', 0, 0, 3, 'approved', '2025-08-10 17:36:32', 'pending', NULL, NULL, 'pending', NULL, NULL, NULL, NULL, NULL, NULL, NULL, NULL, 0, 0, NULL, NULL, NULL, NULL),
(43, 118, 1, '2025-08-13', '2025-08-13', 1, 'SUN TEST', '{\"primary_deduction\":1,\"annual_deduction\":0,\"unpaid_days\":0,\"warnings\":[\"Will be deducted from Annual Leave balance.\"],\"is_valid\":true,\"total_days\":1}', 1, 0, 0, 'pending_section_head', '2025-08-10 17:36:56', 'pending', NULL, NULL, 'pending', NULL, NULL, NULL, NULL, NULL, NULL, 5, 121, 0, 0, NULL, NULL, NULL, NULL),
(44, 118, 1, '2025-08-13', '2025-08-13', 1, 'SUN TEST', '{\"primary_deduction\":1,\"annual_deduction\":0,\"unpaid_days\":0,\"warnings\":[\"Will be deducted from Annual Leave balance.\"],\"is_valid\":true,\"total_days\":1}', 1, 0, 0, 'pending_section_head', '2025-08-10 17:38:32', 'pending', NULL, NULL, 'pending', NULL, NULL, NULL, NULL, NULL, NULL, 5, 121, 0, 0, NULL, NULL, NULL, NULL),
(45, 118, 1, '2025-08-13', '2025-08-13', 1, 'SUN TEST', '{\"primary_deduction\":1,\"annual_deduction\":0,\"unpaid_days\":0,\"warnings\":[\"Will be deducted from Annual Leave balance.\"],\"is_valid\":true,\"total_days\":1}', 1, 0, 0, 'pending_section_head', '2025-08-10 18:01:21', 'pending', NULL, NULL, 'pending', NULL, NULL, NULL, NULL, NULL, NULL, 5, 121, 0, 0, NULL, NULL, NULL, NULL),
(46, 118, 1, '2025-08-13', '2025-08-13', 1, 'SUN TEST', '{\"primary_deduction\":1,\"annual_deduction\":0,\"unpaid_days\":0,\"warnings\":[\"Will be deducted from Annual Leave balance.\"],\"is_valid\":true,\"total_days\":1}', 1, 0, 0, 'pending_section_head', '2025-08-10 18:01:30', 'pending', NULL, NULL, 'pending', NULL, NULL, NULL, NULL, NULL, NULL, 5, 121, 0, 0, NULL, NULL, NULL, NULL),
(47, 118, 1, '2025-08-11', '2025-08-25', 11, 'apply sun', '{\"primary_deduction\":11,\"annual_deduction\":0,\"unpaid_days\":0,\"warnings\":[\"Will be deducted from Annual Leave balance.\"],\"is_valid\":true,\"total_days\":11}', 11, 0, 0, 'pending_section_head', '2025-08-10 18:03:17', 'pending', NULL, NULL, 'pending', NULL, NULL, NULL, NULL, NULL, NULL, 5, 121, 0, 0, NULL, NULL, NULL, NULL),
(48, 118, 1, '2025-08-11', '2025-08-25', 11, 'apply sun', '{\"primary_deduction\":11,\"annual_deduction\":0,\"unpaid_days\":0,\"warnings\":[\"Will be deducted from Annual Leave balance.\"],\"is_valid\":true,\"total_days\":11}', 11, 0, 0, 'approved', '2025-08-10 19:23:29', 'pending', NULL, NULL, 'pending', NULL, NULL, NULL, NULL, NULL, NULL, 5, 121, 0, 0, NULL, 135, '2025-08-10 22:46:12', NULL),
(49, 118, 1, '2025-08-11', '2025-08-12', 2, 'APPLY ANNUAL', '{\"primary_deduction\":0,\"annual_deduction\":0,\"unpaid_days\":2,\"warnings\":[\"Insufficient leave balance. 0 days from Annual Leave, 0 days from Annual Leave, 2 days will be unpaid.\"],\"is_valid\":true,\"total_days\":2}', 0, 0, 2, 'pending_section_head', '2025-08-10 20:17:31', 'pending', NULL, NULL, 'pending', NULL, NULL, NULL, NULL, NULL, NULL, 5, 121, 0, 0, NULL, NULL, NULL, NULL),
(50, 118, 1, '2025-08-11', '2025-08-12', 2, 'APPLY ANNUAL', '{\"primary_deduction\":0,\"annual_deduction\":0,\"unpaid_days\":2,\"warnings\":[\"Insufficient leave balance. 0 days from Annual Leave, 0 days from Annual Leave, 2 days will be unpaid.\"],\"is_valid\":true,\"total_days\":2}', 0, 0, 2, 'pending_section_head', '2025-08-10 20:31:16', 'pending', NULL, NULL, 'pending', NULL, NULL, NULL, NULL, NULL, NULL, 5, 121, 0, 0, NULL, NULL, NULL, NULL),
(51, 118, 1, '2025-08-11', '2025-08-12', 2, 'APPLY ANNUAL', '{\"primary_deduction\":0,\"annual_deduction\":0,\"unpaid_days\":2,\"warnings\":[\"Insufficient leave balance. 0 days from Annual Leave, 0 days from Annual Leave, 2 days will be unpaid.\"],\"is_valid\":true,\"total_days\":2}', 0, 0, 2, 'pending_section_head', '2025-08-10 20:31:50', 'pending', NULL, NULL, 'pending', NULL, NULL, NULL, NULL, NULL, NULL, 5, 121, 0, 0, NULL, NULL, NULL, NULL),
(52, 135, 3, '2025-08-11', '2025-08-13', 3, 'MAT', '{\"primary_deduction\":0,\"annual_deduction\":0,\"unpaid_days\":3,\"warnings\":[\"No available balance. All 3 days will be unpaid.\"],\"is_valid\":true,\"total_days\":3}', 0, 0, 3, 'approved', '2025-08-10 20:36:33', 'pending', NULL, NULL, 'pending', NULL, NULL, NULL, NULL, NULL, NULL, NULL, NULL, 0, 0, NULL, NULL, NULL, NULL),
(53, 135, 3, '2025-08-11', '2025-08-13', 3, 'MAT', '{\"primary_deduction\":0,\"annual_deduction\":0,\"unpaid_days\":3,\"warnings\":[\"No available balance. All 3 days will be unpaid.\"],\"is_valid\":true,\"total_days\":3}', 0, 0, 3, 'approved', '2025-08-10 20:46:24', 'pending', NULL, NULL, 'pending', NULL, NULL, NULL, NULL, NULL, NULL, NULL, NULL, 0, 0, NULL, NULL, NULL, NULL),
(54, 135, 3, '2025-08-11', '2025-08-13', 3, 'MAT', '{\"primary_deduction\":3,\"annual_deduction\":0,\"unpaid_days\":0,\"warnings\":[\"Will be deducted from Maternity Leave balance.\"],\"is_valid\":true,\"total_days\":3}', 3, 0, 0, 'approved', '2025-08-10 20:47:31', 'pending', NULL, NULL, 'pending', NULL, NULL, NULL, NULL, NULL, NULL, NULL, NULL, 0, 0, NULL, NULL, NULL, NULL),
(55, 135, 3, '2025-08-11', '2025-08-13', 3, 'MAT', '{\"primary_deduction\":3,\"annual_deduction\":0,\"unpaid_days\":0,\"warnings\":[\"Will be deducted from Maternity Leave balance.\"],\"is_valid\":true,\"total_days\":3}', 3, 0, 0, 'approved', '2025-08-10 20:48:53', 'pending', NULL, NULL, 'pending', NULL, NULL, NULL, NULL, NULL, NULL, NULL, NULL, 0, 0, NULL, NULL, NULL, NULL),
(56, 135, 3, '2025-08-11', '2025-08-13', 3, 'MAT', '{\"primary_deduction\":3,\"annual_deduction\":0,\"unpaid_days\":0,\"warnings\":[\"Will be deducted from Maternity Leave balance.\"],\"is_valid\":true,\"total_days\":3}', 3, 0, 0, 'approved', '2025-08-10 21:12:40', 'pending', NULL, NULL, 'pending', NULL, NULL, NULL, NULL, NULL, NULL, NULL, NULL, 0, 0, NULL, NULL, NULL, NULL),
(57, 118, 1, '2025-08-12', '2025-08-13', 2, 'apply', '{\"primary_deduction\":2,\"annual_deduction\":0,\"unpaid_days\":0,\"warnings\":[\"Will be deducted from Annual Leave balance.\"],\"is_valid\":true,\"total_days\":2}', 2, 0, 0, 'approved', '2025-08-10 21:13:15', 'pending', NULL, NULL, 'pending', NULL, NULL, NULL, NULL, NULL, NULL, 5, 121, 0, 0, NULL, 135, '2025-08-11 00:16:35', NULL),
(58, 135, 7, '2025-08-29', '2025-08-31', 1, 'apply', '{\"primary_deduction\":1,\"annual_deduction\":0,\"unpaid_days\":0,\"warnings\":[\"Will be deducted from Compassionate Leave balance.\"],\"is_valid\":true,\"total_days\":1}', 1, 0, 0, 'approved', '2025-08-10 21:15:57', 'pending', NULL, NULL, 'pending', NULL, NULL, NULL, NULL, NULL, NULL, NULL, NULL, 0, 0, NULL, NULL, NULL, NULL),
(59, 118, 7, '2025-08-12', '2025-08-12', 1, 'comp', '{\"primary_deduction\":1,\"annual_deduction\":0,\"unpaid_days\":0,\"warnings\":[\"Will be deducted from Compassionate Leave balance.\"],\"is_valid\":true,\"total_days\":1}', 1, 0, 0, 'approved', '2025-08-10 21:17:39', 'pending', NULL, NULL, 'pending', NULL, NULL, NULL, NULL, NULL, NULL, 5, 121, 0, 0, NULL, 135, '2025-08-11 00:17:49', NULL),
(60, 118, 7, '2025-08-12', '2025-08-12', 1, 'compo', '{\"primary_deduction\":1,\"annual_deduction\":0,\"unpaid_days\":0,\"warnings\":[\"Will be deducted from Compassionate Leave balance.\"],\"is_valid\":true,\"total_days\":1}', 1, 0, 0, 'pending_section_head', '2025-08-10 21:19:16', 'pending', NULL, NULL, 'pending', NULL, NULL, NULL, NULL, NULL, NULL, 5, 121, 0, 0, NULL, NULL, NULL, NULL),
(61, 118, 7, '2025-08-12', '2025-08-12', 1, 'compo', '{\"primary_deduction\":1,\"annual_deduction\":0,\"unpaid_days\":0,\"warnings\":[\"Will be deducted from Compassionate Leave balance.\"],\"is_valid\":true,\"total_days\":1}', 1, 0, 0, 'approved', '2025-08-10 21:26:03', 'pending', NULL, NULL, 'pending', NULL, NULL, NULL, NULL, NULL, NULL, 5, 121, 0, 0, NULL, NULL, NULL, NULL),
(62, 118, 2, '2025-08-12', '2025-08-13', 2, 'unwell', '{\"primary_deduction\":0,\"annual_deduction\":0,\"unpaid_days\":2,\"warnings\":[\"No available balance. All 2 days will be unpaid.\"],\"is_valid\":true,\"total_days\":2}', 0, 0, 2, 'approved', '2025-08-10 21:27:00', 'pending', NULL, NULL, 'pending', NULL, NULL, NULL, NULL, NULL, NULL, 5, 121, 0, 0, NULL, NULL, NULL, NULL),
(63, 118, 1, '2025-08-12', '2025-08-13', 2, 'ANN', '{\"primary_deduction\":2,\"annual_deduction\":0,\"unpaid_days\":0,\"warnings\":[\"Will be deducted from Annual Leave balance.\"],\"is_valid\":true,\"total_days\":2}', 2, 0, 0, 'approved', '2025-08-10 21:28:38', 'approved', '5', '2025-08-10 21:28:53', 'approved', '121', '2025-08-10 21:29:17', NULL, NULL, NULL, NULL, 5, 121, 0, 0, NULL, NULL, NULL, NULL),
(64, 118, 2, '2025-08-26', '2025-09-01', 5, 'SICK', '{\"primary_deduction\":0,\"annual_deduction\":0,\"unpaid_days\":5,\"warnings\":[\"No available balance. All 5 days will be unpaid.\"],\"is_valid\":true,\"total_days\":5}', 0, 0, 5, 'approved', '2025-08-10 21:29:57', 'approved', '5', '2025-08-10 21:31:28', 'approved', '121', '2025-08-10 21:31:54', NULL, NULL, NULL, NULL, 5, 121, 0, 0, NULL, NULL, NULL, NULL),
(65, 118, 5, '2025-08-12', '2025-08-12', 1, 'study exams', '{\"primary_deduction\":1,\"annual_deduction\":0,\"unpaid_days\":0,\"warnings\":[\"Will be deducted from Study Leave balance.\"],\"is_valid\":true,\"total_days\":1}', 1, 0, 0, 'approved', '2025-08-11 09:01:55', 'approved', '5', '2025-08-11 09:02:39', 'approved', '121', '2025-08-11 09:03:08', NULL, NULL, NULL, NULL, 5, 121, 0, 0, NULL, NULL, NULL, NULL);

-- --------------------------------------------------------

--
-- Table structure for table `leave_balances`
--

CREATE TABLE `leave_balances` (
  `id` int(11) NOT NULL,
  `employee_id` int(11) NOT NULL,
  `financial_year` varchar(10) NOT NULL,
  `leave_type_id` int(11) NOT NULL,
  `annual_leave_entitled` int(11) DEFAULT 30,
  `annual_leave_used` int(11) DEFAULT 0,
  `annual_leave_balance` int(11) DEFAULT 30,
  `sick_leave_used` int(11) DEFAULT 0,
  `other_leave_used` int(11) DEFAULT 0,
  `created_at` timestamp NOT NULL DEFAULT current_timestamp(),
  `updated_at` timestamp NOT NULL DEFAULT current_timestamp() ON UPDATE current_timestamp()
) ENGINE=InnoDB DEFAULT CHARSET=utf8mb4 COLLATE=utf8mb4_general_ci;

--
-- Dumping data for table `leave_balances`
--

INSERT INTO `leave_balances` (`id`, `employee_id`, `financial_year`, `leave_type_id`, `annual_leave_entitled`, `annual_leave_used`, `annual_leave_balance`, `sick_leave_used`, `other_leave_used`, `created_at`, `updated_at`) VALUES
(3, 135, '2025', 4, 0, 0, 0, 0, 0, '2025-07-29 02:53:42', '2025-07-29 02:53:42'),
(6, 118, '2025', 1, 30, 2, 28, 0, 0, '2025-07-29 06:03:59', '2025-08-07 13:03:12'),
(7, 5, '2025', 1, 30, 6, 24, 0, 0, '2025-07-29 06:42:22', '2025-07-29 09:15:24'),
(8, 121, '2025', 1, 30, 0, 30, 0, 0, '2025-07-29 09:18:27', '2025-07-29 09:18:27');

-- --------------------------------------------------------

--
-- Table structure for table `leave_history`
--

CREATE TABLE `leave_history` (
  `id` int(11) NOT NULL,
  `leave_application_id` int(11) NOT NULL,
  `action` varchar(50) NOT NULL,
  `performed_by` int(11) NOT NULL,
  `comments` text DEFAULT NULL,
  `performed_at` timestamp NOT NULL DEFAULT current_timestamp()
) ENGINE=InnoDB DEFAULT CHARSET=utf8mb4 COLLATE=utf8mb4_general_ci;

--
-- Dumping data for table `leave_history`
--

INSERT INTO `leave_history` (`id`, `leave_application_id`, `action`, `performed_by`, `comments`, `performed_at`) VALUES
(1, 22, 'applied', 9, 'Leave application submitted for 4 days', '2025-07-29 03:44:04'),
(2, 23, 'applied', 4, 'Leave application submitted for 3 days', '2025-07-29 06:03:59'),
(3, 24, 'applied', 5, 'Leave application submitted for 6 days', '2025-07-29 06:42:22'),
(4, 25, 'applied', 5, 'Leave application submitted for 4 days', '2025-07-29 09:04:27'),
(5, 25, 'dept_head_approved', 6, 'Approved by department head', '2025-07-29 09:07:44'),
(6, 26, 'applied', 5, 'Leave application submitted for 6 days', '2025-07-29 09:14:31'),
(7, 26, 'dept_head_approved', 6, 'Approved by department head', '2025-07-29 09:15:24'),
(8, 27, 'applied', 6, 'Leave application submitted for 5 days', '2025-07-29 09:22:27'),
(9, 28, 'applied', 4, 'Leave application submitted for 2 days', '2025-08-07 13:01:49'),
(10, 28, 'section_head_approved', 5, 'Approved by section head', '2025-08-07 13:02:36'),
(11, 28, 'dept_head_approved', 6, 'Approved by department head', '2025-08-07 13:03:12'),
(12, 29, 'applied', 4, 'Leave application submitted for 10 days', '2025-08-08 07:46:07'),
(13, 30, 'applied', 9, 'Leave application submitted for 3 days', '2025-08-08 09:35:07'),
(14, 31, 'applied', 9, 'Leave application submitted for 3 days', '2025-08-08 09:37:30'),
(15, 32, 'applied', 9, 'Leave application submitted for 3 days', '2025-08-08 09:44:50'),
(16, 33, 'applied', 9, 'Leave application submitted for 1 days', '2025-08-08 09:48:09'),
(17, 34, 'applied', 9, 'Leave application submitted for 3 days', '2025-08-08 10:01:51'),
(18, 35, 'applied', 9, 'Leave application submitted for 2 days', '2025-08-08 11:14:20'),
(19, 36, 'applied', 9, 'Leave application submitted for 7 days', '2025-08-10 14:58:29'),
(20, 37, 'applied', 9, 'Leave application submitted for 4 days', '2025-08-10 17:06:42'),
(21, 38, 'applied', 4, 'Leave application submitted for 1 days', '2025-08-10 17:10:25'),
(22, 39, 'applied', 9, 'Leave application submitted for 3 days', '2025-08-10 17:33:18'),
(23, 40, 'applied', 9, 'Leave application submitted for 3 days', '2025-08-10 17:36:06'),
(24, 41, 'applied', 9, 'Leave application submitted for 3 days', '2025-08-10 17:36:19'),
(25, 42, 'applied', 9, 'Leave application submitted for 3 days', '2025-08-10 17:36:32'),
(26, 43, 'applied', 9, 'Leave application submitted for 1 days', '2025-08-10 17:36:56'),
(27, 44, 'applied', 9, 'Leave application submitted for 1 days', '2025-08-10 17:38:32'),
(28, 45, 'applied', 9, 'Leave application submitted for 1 days', '2025-08-10 18:01:21'),
(29, 46, 'applied', 9, 'Leave application submitted for 1 days', '2025-08-10 18:01:30'),
(30, 47, 'applied', 9, 'Leave application submitted for 11 days', '2025-08-10 18:03:17'),
(31, 48, 'applied', 9, 'Leave application submitted for 11 days', '2025-08-10 19:23:29'),
(32, 49, 'applied', 9, 'Leave application submitted for 2 days', '2025-08-10 20:17:31'),
(33, 50, 'applied', 9, 'Leave application submitted for 2 days', '2025-08-10 20:31:16'),
(34, 51, 'applied', 9, 'Leave application submitted for 2 days', '2025-08-10 20:31:50'),
(35, 52, 'applied', 9, 'Leave application submitted for 3 days', '2025-08-10 20:36:33'),
(36, 53, 'applied', 9, 'Leave application submitted for 3 days', '2025-08-10 20:46:24'),
(37, 54, 'applied', 9, 'Leave application submitted for 3 days', '2025-08-10 20:47:31'),
(38, 55, 'applied', 9, 'Leave application submitted for 3 days', '2025-08-10 20:48:53'),
(39, 56, 'applied', 9, 'Leave application submitted for 3 days', '2025-08-10 21:12:40'),
(40, 57, 'applied', 9, 'Leave application submitted for 2 days', '2025-08-10 21:13:15'),
(41, 58, 'applied', 9, 'Leave application submitted for 1 days', '2025-08-10 21:15:57'),
(42, 59, 'applied', 9, 'Leave application submitted for 1 days', '2025-08-10 21:17:39'),
(43, 60, 'applied', 9, 'Leave application submitted for 1 days', '2025-08-10 21:19:16'),
(44, 61, 'applied', 9, 'Leave application submitted for 1 days', '2025-08-10 21:26:03'),
(45, 62, 'applied', 9, 'Leave application submitted for 2 days', '2025-08-10 21:27:00'),
(46, 63, 'applied', 5, 'Leave application submitted for 2 days', '2025-08-10 21:28:39'),
(47, 64, 'applied', 6, 'Leave application submitted for 5 days', '2025-08-10 21:29:57'),
(48, 65, 'applied', 4, 'Leave application submitted for 1 days', '2025-08-11 09:01:55');

-- --------------------------------------------------------

--
-- Table structure for table `leave_transactions`
--

CREATE TABLE `leave_transactions` (
  `id` int(11) NOT NULL,
  `application_id` int(11) NOT NULL,
  `employee_id` int(11) NOT NULL,
  `transaction_date` datetime NOT NULL,
  `transaction_type` enum('deduction','restoration','adjustment') NOT NULL,
  `details` text DEFAULT NULL COMMENT 'JSON storage of transaction details',
  `created_at` timestamp NOT NULL DEFAULT current_timestamp()
) ENGINE=InnoDB DEFAULT CHARSET=utf8mb4 COLLATE=utf8mb4_general_ci COMMENT='Audit trail for all leave transactions';

--
-- Dumping data for table `leave_transactions`
--

INSERT INTO `leave_transactions` (`id`, `application_id`, `employee_id`, `transaction_date`, `transaction_type`, `details`, `created_at`) VALUES
(8, 22, 135, '2025-07-29 09:44:04', 'deduction', '{\"primary_leave_type\":2,\"primary_days\":0,\"annual_days\":0,\"unpaid_days\":4,\"warnings\":\"No available balance. All 4 days will be unpaid.\"}', '2025-07-29 03:44:04'),
(9, 23, 118, '2025-07-29 12:03:59', 'deduction', '{\"primary_leave_type\":6,\"primary_days\":0,\"annual_days\":3,\"unpaid_days\":0,\"warnings\":\"Primary balance insufficient. 0 days from Short Leave, 3 days from Annual Leave.\"}', '2025-07-29 06:03:59'),
(11, 25, 5, '2025-07-29 15:04:27', 'deduction', '{\"primary_leave_type\":2,\"primary_days\":0,\"annual_days\":0,\"unpaid_days\":4,\"warnings\":\"No available balance. All 4 days will be unpaid.\"}', '2025-07-29 09:04:27'),
(12, 26, 5, '2025-07-29 15:14:31', 'deduction', '{\"primary_leave_type\":1,\"primary_days\":6,\"annual_days\":0,\"unpaid_days\":0,\"warnings\":\"Will be deducted from Annual Leave balance.\"}', '2025-07-29 09:14:31'),
(13, 27, 121, '2025-07-29 15:22:27', 'deduction', '{\"primary_leave_type\":1,\"primary_days\":5,\"annual_days\":0,\"unpaid_days\":0,\"warnings\":\"Will be deducted from Annual Leave balance.\"}', '2025-07-29 09:22:27'),
(14, 28, 118, '2025-08-07 16:01:49', 'deduction', '{\"primary_leave_type\":1,\"primary_days\":2,\"annual_days\":0,\"unpaid_days\":0,\"warnings\":\"Will be deducted from Annual Leave balance.\"}', '2025-08-07 13:01:49'),
(15, 29, 118, '2025-08-08 10:46:07', 'deduction', '{\"primary_leave_type\":1,\"primary_days\":10,\"annual_days\":0,\"unpaid_days\":0,\"warnings\":\"Will be deducted from Annual Leave balance.\"}', '2025-08-08 07:46:07'),
(16, 30, 112, '2025-08-08 12:35:07', 'deduction', '{\"primary_leave_type\":1,\"primary_days\":0,\"annual_days\":0,\"unpaid_days\":3,\"warnings\":\"Insufficient leave balance. 0 days from Annual Leave, 0 days from Annual Leave, 3 days will be unpaid.\"}', '2025-08-08 09:35:07'),
(17, 31, 135, '2025-08-08 12:37:30', 'deduction', '{\"primary_leave_type\":1,\"primary_days\":0,\"annual_days\":0,\"unpaid_days\":3,\"warnings\":\"Insufficient leave balance. 0 days from Annual Leave, 0 days from Annual Leave, 3 days will be unpaid.\"}', '2025-08-08 09:37:30'),
(18, 32, 118, '2025-08-08 12:44:49', 'deduction', '{\"primary_leave_type\":1,\"primary_days\":3,\"annual_days\":0,\"unpaid_days\":0,\"warnings\":\"Will be deducted from Annual Leave balance.\"}', '2025-08-08 09:44:49'),
(19, 33, 118, '2025-08-08 12:48:09', 'deduction', '{\"primary_leave_type\":1,\"primary_days\":1,\"annual_days\":0,\"unpaid_days\":0,\"warnings\":\"Will be deducted from Annual Leave balance.\"}', '2025-08-08 09:48:09'),
(20, 34, 135, '2025-08-08 13:01:51', 'deduction', '{\"primary_leave_type\":1,\"primary_days\":0,\"annual_days\":0,\"unpaid_days\":3,\"warnings\":\"Insufficient leave balance. 0 days from Annual Leave, 0 days from Annual Leave, 3 days will be unpaid.\"}', '2025-08-08 10:01:51'),
(21, 35, 118, '2025-08-08 14:14:20', 'deduction', '{\"primary_leave_type\":1,\"primary_days\":2,\"annual_days\":0,\"unpaid_days\":0,\"warnings\":\"Will be deducted from Annual Leave balance.\"}', '2025-08-08 11:14:20'),
(22, 36, 136, '2025-08-10 17:58:29', 'deduction', '{\"primary_leave_type\":1,\"primary_days\":0,\"annual_days\":0,\"unpaid_days\":7,\"warnings\":\"Insufficient leave balance. 0 days from Annual Leave, 0 days from Annual Leave, 7 days will be unpaid.\"}', '2025-08-10 14:58:29'),
(23, 37, 118, '2025-08-10 20:06:42', 'deduction', '{\"primary_leave_type\":1,\"primary_days\":4,\"annual_days\":0,\"unpaid_days\":0,\"warnings\":\"Will be deducted from Annual Leave balance.\"}', '2025-08-10 17:06:42'),
(24, 38, 118, '2025-08-10 20:10:25', 'deduction', '{\"primary_leave_type\":1,\"primary_days\":1,\"annual_days\":0,\"unpaid_days\":0,\"warnings\":\"Will be deducted from Annual Leave balance.\"}', '2025-08-10 17:10:25'),
(25, 39, 104, '2025-08-10 20:33:18', 'deduction', '{\"primary_leave_type\":7,\"primary_days\":0,\"annual_days\":0,\"unpaid_days\":3,\"warnings\":\"No available balance. All 3 days will be unpaid.\"}', '2025-08-10 17:33:18'),
(26, 40, 104, '2025-08-10 20:36:06', 'deduction', '{\"primary_leave_type\":7,\"primary_days\":0,\"annual_days\":0,\"unpaid_days\":3,\"warnings\":\"No available balance. All 3 days will be unpaid.\"}', '2025-08-10 17:36:06'),
(27, 41, 104, '2025-08-10 20:36:19', 'deduction', '{\"primary_leave_type\":7,\"primary_days\":0,\"annual_days\":0,\"unpaid_days\":3,\"warnings\":\"No available balance. All 3 days will be unpaid.\"}', '2025-08-10 17:36:19'),
(28, 42, 104, '2025-08-10 20:36:32', 'deduction', '{\"primary_leave_type\":7,\"primary_days\":0,\"annual_days\":0,\"unpaid_days\":3,\"warnings\":\"No available balance. All 3 days will be unpaid.\"}', '2025-08-10 17:36:32'),
(29, 43, 118, '2025-08-10 20:36:56', 'deduction', '{\"primary_leave_type\":1,\"primary_days\":1,\"annual_days\":0,\"unpaid_days\":0,\"warnings\":\"Will be deducted from Annual Leave balance.\"}', '2025-08-10 17:36:56'),
(30, 44, 118, '2025-08-10 20:38:32', 'deduction', '{\"primary_leave_type\":1,\"primary_days\":1,\"annual_days\":0,\"unpaid_days\":0,\"warnings\":\"Will be deducted from Annual Leave balance.\"}', '2025-08-10 17:38:32'),
(31, 45, 118, '2025-08-10 21:01:21', 'deduction', '{\"primary_leave_type\":1,\"primary_days\":1,\"annual_days\":0,\"unpaid_days\":0,\"warnings\":\"Will be deducted from Annual Leave balance.\"}', '2025-08-10 18:01:21'),
(32, 46, 118, '2025-08-10 21:01:30', 'deduction', '{\"primary_leave_type\":1,\"primary_days\":1,\"annual_days\":0,\"unpaid_days\":0,\"warnings\":\"Will be deducted from Annual Leave balance.\"}', '2025-08-10 18:01:30'),
(33, 47, 118, '2025-08-10 21:03:17', 'deduction', '{\"primary_leave_type\":1,\"primary_days\":11,\"annual_days\":0,\"unpaid_days\":0,\"warnings\":\"Will be deducted from Annual Leave balance.\"}', '2025-08-10 18:03:17'),
(34, 48, 118, '2025-08-10 22:23:29', 'deduction', '{\"primary_leave_type\":1,\"primary_days\":11,\"annual_days\":0,\"unpaid_days\":0,\"warnings\":\"Will be deducted from Annual Leave balance.\"}', '2025-08-10 19:23:29'),
(35, 54, 135, '2025-08-10 23:47:31', 'deduction', '{\"primary_leave_type\":3,\"primary_days\":3,\"annual_days\":0,\"unpaid_days\":0,\"warnings\":\"Will be deducted from Maternity Leave balance.\"}', '2025-08-10 20:47:31'),
(36, 55, 135, '2025-08-10 23:48:53', 'deduction', '{\"primary_leave_type\":3,\"primary_days\":3,\"annual_days\":0,\"unpaid_days\":0,\"warnings\":\"Will be deducted from Maternity Leave balance.\"}', '2025-08-10 20:48:53'),
(37, 56, 135, '2025-08-11 00:12:40', 'deduction', '{\"primary_leave_type\":3,\"primary_days\":3,\"annual_days\":0,\"unpaid_days\":0,\"warnings\":\"Will be deducted from Maternity Leave balance.\"}', '2025-08-10 21:12:40'),
(38, 57, 118, '2025-08-11 00:13:15', 'deduction', '{\"primary_leave_type\":1,\"primary_days\":2,\"annual_days\":0,\"unpaid_days\":0,\"warnings\":\"Will be deducted from Annual Leave balance.\"}', '2025-08-10 21:13:15'),
(39, 58, 135, '2025-08-11 00:15:57', 'deduction', '{\"primary_leave_type\":7,\"primary_days\":1,\"annual_days\":0,\"unpaid_days\":0,\"warnings\":\"Will be deducted from Compassionate Leave balance.\"}', '2025-08-10 21:15:57'),
(40, 59, 118, '2025-08-11 00:17:39', 'deduction', '{\"primary_leave_type\":7,\"primary_days\":1,\"annual_days\":0,\"unpaid_days\":0,\"warnings\":\"Will be deducted from Compassionate Leave balance.\"}', '2025-08-10 21:17:39'),
(41, 60, 118, '2025-08-11 00:19:16', 'deduction', '{\"primary_leave_type\":7,\"primary_days\":1,\"annual_days\":0,\"unpaid_days\":0,\"warnings\":\"Will be deducted from Compassionate Leave balance.\"}', '2025-08-10 21:19:16'),
(42, 61, 118, '2025-08-11 00:26:03', 'deduction', '{\"primary_leave_type\":7,\"primary_days\":1,\"annual_days\":0,\"unpaid_days\":0,\"warnings\":\"Will be deducted from Compassionate Leave balance.\"}', '2025-08-10 21:26:03'),
(43, 62, 118, '2025-08-11 00:27:00', 'deduction', '{\"primary_leave_type\":2,\"primary_days\":0,\"annual_days\":0,\"unpaid_days\":2,\"warnings\":\"No available balance. All 2 days will be unpaid.\"}', '2025-08-10 21:27:00'),
(44, 63, 118, '2025-08-11 00:28:39', 'deduction', '{\"primary_leave_type\":1,\"primary_days\":2,\"annual_days\":0,\"unpaid_days\":0,\"warnings\":\"Will be deducted from Annual Leave balance.\"}', '2025-08-10 21:28:39'),
(45, 64, 118, '2025-08-11 00:29:57', 'deduction', '{\"primary_leave_type\":2,\"primary_days\":0,\"annual_days\":0,\"unpaid_days\":5,\"warnings\":\"No available balance. All 5 days will be unpaid.\"}', '2025-08-10 21:29:57'),
(46, 65, 118, '2025-08-11 12:01:55', 'deduction', '{\"primary_leave_type\":5,\"primary_days\":1,\"annual_days\":0,\"unpaid_days\":0,\"warnings\":\"Will be deducted from Study Leave balance.\"}', '2025-08-11 09:01:55');

-- --------------------------------------------------------

--
-- Table structure for table `leave_types`
--

CREATE TABLE `leave_types` (
  `id` int(11) NOT NULL,
  `name` varchar(100) NOT NULL,
  `description` text DEFAULT NULL,
  `max_days_per_year` int(11) DEFAULT NULL,
  `counts_weekends` tinyint(1) DEFAULT 0,
  `deducted_from_annual` tinyint(1) DEFAULT 1,
  `is_active` tinyint(1) DEFAULT 1,
  `created_at` timestamp NOT NULL DEFAULT current_timestamp(),
  `updated_at` timestamp NOT NULL DEFAULT current_timestamp() ON UPDATE current_timestamp()
) ENGINE=InnoDB DEFAULT CHARSET=utf8mb4 COLLATE=utf8mb4_general_ci;

--
-- Dumping data for table `leave_types`
--

INSERT INTO `leave_types` (`id`, `name`, `description`, `max_days_per_year`, `counts_weekends`, `deducted_from_annual`, `is_active`, `created_at`, `updated_at`) VALUES
(1, 'Annual Leave', 'Regular annual vacation leave', 30, 0, 1, 1, '2025-07-21 07:55:35', '2025-07-21 07:55:35'),
(2, 'Sick Leave', 'Medical leave for illness', NULL, 0, 0, 1, '2025-07-21 07:55:35', '2025-07-21 07:55:35'),
(3, 'Maternity Leave', 'Maternity leave for female employees', 120, 1, 0, 1, '2025-07-21 07:55:35', '2025-07-28 04:32:29'),
(4, 'Paternity Leave', 'Paternity leave for male employees', 14, 0, 0, 1, '2025-07-21 07:55:35', '2025-07-21 07:55:35'),
(5, 'Study Leave', 'Educational or training leave', 10, 0, 1, 1, '2025-07-21 07:55:35', '2025-07-28 04:32:29'),
(6, 'Short Leave', 'Short duration leave (half day, few hours)', NULL, 0, 1, 1, '2025-07-21 07:55:35', '2025-07-21 07:55:35'),
(7, 'Compassionate Leave', 'Emergency or bereavement leave', 10, 0, 0, 1, '2025-07-21 07:55:35', '2025-07-28 04:32:29');

-- --------------------------------------------------------

--
-- Table structure for table `notifications`
--

CREATE TABLE `notifications` (
  `id` int(11) NOT NULL,
  `user_id` varchar(50) NOT NULL,
  `title` varchar(200) NOT NULL,
  `message` text NOT NULL,
  `type` enum('info','success','warning','error') DEFAULT 'info',
  `is_read` tinyint(1) DEFAULT 0,
  `related_type` varchar(50) DEFAULT NULL,
  `related_id` int(11) DEFAULT NULL,
  `created_at` timestamp NOT NULL DEFAULT current_timestamp()
) ENGINE=InnoDB DEFAULT CHARSET=utf8mb4 COLLATE=utf8mb4_general_ci;

-- --------------------------------------------------------

--
-- Table structure for table `performance_indicators`
--

CREATE TABLE `performance_indicators` (
  `id` int(11) NOT NULL,
  `name` varchar(200) NOT NULL,
  `description` text DEFAULT NULL,
  `weight` decimal(5,2) NOT NULL DEFAULT 0.00,
  `max_score` int(11) NOT NULL DEFAULT 5,
  `is_active` tinyint(1) DEFAULT 1,
  `created_at` timestamp NOT NULL DEFAULT current_timestamp(),
  `updated_at` timestamp NOT NULL DEFAULT current_timestamp() ON UPDATE current_timestamp(),
  `section_id` int(11) DEFAULT NULL
) ENGINE=InnoDB DEFAULT CHARSET=utf8mb4 COLLATE=utf8mb4_general_ci;

--
-- Dumping data for table `performance_indicators`
--

INSERT INTO `performance_indicators` (`id`, `name`, `description`, `weight`, `max_score`, `is_active`, `created_at`, `updated_at`, `section_id`) VALUES
(1, 'Quality of Work', 'Accuracy, thoroughness, and attention to detail in work output', 25.00, 5, 1, '2025-08-11 11:29:14', '2025-08-12 19:49:48', NULL),
(2, 'Productivity', 'Efficiency in completing tasks and meeting deadlines', 20.00, 5, 1, '2025-08-11 11:29:14', '2025-08-11 11:29:14', NULL),
(3, 'Communication Skills', 'Effectiveness in verbal and written communication', 15.00, 5, 1, '2025-08-11 11:29:14', '2025-08-11 11:29:14', NULL),
(4, 'Teamwork & Collaboration', 'Ability to work effectively with colleagues and contribute to team goals', 15.00, 5, 1, '2025-08-11 11:29:14', '2025-08-11 11:29:14', NULL),
(5, 'Initiative & Innovation', 'Proactive approach and creative problem-solving abilities', 10.00, 5, 1, '2025-08-11 11:29:14', '2025-08-11 11:29:14', NULL),
(6, 'Professional Development', 'Commitment to learning and skill improvement', 10.00, 5, 1, '2025-08-11 11:29:14', '2025-08-11 11:29:14', NULL),
(7, 'Attendance & Punctuality', 'Reliability in attendance and meeting scheduled commitments', 5.00, 5, 1, '2025-08-11 11:29:14', '2025-08-11 11:29:14', NULL);

-- --------------------------------------------------------

--
-- Table structure for table `sections`
--

CREATE TABLE `sections` (
  `id` int(11) NOT NULL,
  `name` varchar(100) NOT NULL,
  `description` text DEFAULT NULL,
  `department_id` int(11) DEFAULT NULL,
  `created_at` timestamp NOT NULL DEFAULT current_timestamp(),
  `updated_at` timestamp NOT NULL DEFAULT current_timestamp() ON UPDATE current_timestamp()
) ENGINE=InnoDB DEFAULT CHARSET=utf8mb4 COLLATE=utf8mb4_general_ci;

--
-- Dumping data for table `sections`
--

INSERT INTO `sections` (`id`, `name`, `description`, `department_id`, `created_at`, `updated_at`) VALUES
(1, 'Human Resources', 'Employee management and policies', 1, '2025-07-19 06:04:13', '2025-07-19 06:04:13'),
(2, 'Finance', 'Financial planning and accounting', 1, '2025-07-19 06:04:13', '2025-07-19 06:04:13'),
(3, 'Sales', 'Direct sales operations', 2, '2025-07-19 06:04:13', '2025-07-19 06:04:13'),
(4, 'Marketing', 'Brand promotion and advertising', 2, '2025-07-19 06:04:13', '2025-07-19 06:04:13'),
(5, 'Customer Service', 'Customer support and relations', 2, '2025-07-19 06:04:13', '2025-07-19 06:04:13'),
(6, 'Software Development', 'Application and system development', 3, '2025-07-19 06:04:13', '2025-07-19 06:04:13'),
(7, 'IT Support', 'Technical support and maintenance', 3, '2025-07-19 06:04:13', '2025-07-19 06:04:13'),
(8, 'Network Operations', 'Network infrastructure management', 3, '2025-07-19 06:04:13', '2025-07-19 06:04:13'),
(9, 'Legal Affairs', 'Legal compliance and contracts', 4, '2025-07-19 06:04:13', '2025-07-19 06:04:13'),
(10, 'Public Relations', 'Media and public communications', 4, '2025-07-19 06:04:13', '2025-07-19 06:04:13'),
(11, 'Water Supply', 'Water distribution and supply management', 5, '2025-07-19 06:04:13', '2025-07-19 06:04:13');

-- --------------------------------------------------------

--
-- Table structure for table `users`
--

CREATE TABLE `users` (
  `id` int(50) NOT NULL,
  `email` varchar(255) DEFAULT NULL,
  `first_name` varchar(100) DEFAULT NULL,
  `last_name` varchar(100) DEFAULT NULL,
  `gender` varchar(10) NOT NULL,
  `password` varchar(255) DEFAULT NULL,
  `role` enum('bod_chairman','super_admin','hr_manager','dept_head','section_head','manager','employee','managing_director') DEFAULT 'employee',
  `phone` varchar(20) DEFAULT NULL,
  `address` text DEFAULT NULL,
  `profile_image_url` varchar(500) DEFAULT NULL,
  `created_at` timestamp NOT NULL DEFAULT current_timestamp(),
  `updated_at` timestamp NOT NULL DEFAULT current_timestamp() ON UPDATE current_timestamp(),
  `employee_id` varchar(11) DEFAULT NULL
) ENGINE=InnoDB DEFAULT CHARSET=utf8mb4 COLLATE=utf8mb4_general_ci;

--
-- Dumping data for table `users`
--

INSERT INTO `users` (`id`, `email`, `first_name`, `last_name`, `gender`, `password`, `role`, `phone`, `address`, `profile_image_url`, `created_at`, `updated_at`, `employee_id`) VALUES
(1, 'admin@company.com', 'Admin', 'User', '', '$2y$10$92IXUNpkjO0rOQ5byMi.Ye4oKoEa3Ro9llC/.og/at2.uheWG/igi', 'super_admin', NULL, NULL, NULL, '2025-07-19 06:04:12', '2025-07-22 07:16:46', NULL),
(2, 'depthead@company.com', 'Department', 'Head', '', '$2y$10$92IXUNpkjO0rOQ5byMi.Ye4oKoEa3Ro9llC/.og/at2.uheWG/igi', 'dept_head', NULL, NULL, NULL, '2025-07-19 06:04:13', '2025-07-22 07:16:57', NULL),
(3, 'hr@company.com', 'HR', 'Manager', '', '$2y$10$92IXUNpkjO0rOQ5byMi.Ye4oKoEa3Ro9llC/.og/at2.uheWG/igi', 'hr_manager', NULL, NULL, NULL, '2025-07-19 06:04:12', '2025-07-22 09:59:13', '118'),
(4, 'mwangikabii@gmail.com', 'Mwangi', 'Kabii', '', '$2y$10$/J.oUW3wIME./WaSRBb1G.m1/nBPQGtPZsIpvaYSoP8Tlri5RXtSS', 'employee', '0790765431', 'Kiambu', NULL, '2025-07-22 07:23:07', '2025-07-24 18:45:37', 'EMP008'),
(5, 'josephine@gmail.com', 'Josephine', 'Kangara', '', '$2y$10$c9v.Xk94usNFLIw2zveKJeZ1bdhdHNw14480WuyCpFwH19Ap3lYQW', 'section_head', '0768525478', 'Kiambu', NULL, '2025-07-22 10:20:00', '2025-07-22 10:20:00', 'EMP009'),
(6, 'hezronnjoro@gmail.com', 'Hezron', 'Njoroge', '', '$2y$10$0VLFP04KxABJW3pO6yi2Pe4GSZ2LeKZDMXWMZnn.bYBDwcAPi6GrO', 'dept_head', '0786542982', 'Mukurweini', NULL, '2025-07-22 10:32:58', '2025-07-22 10:32:58', 'EMP10'),
(7, 'will@gmail.com', 'will', 'smith', '', '$2y$10$3gQ6ENYU8s6P/hWaizpoeOjuUGsJOBmuviaMlIXbZ/HcmJas7Z63y', 'employee', '0786542982', 'Mukurweini', NULL, '2025-07-23 16:16:36', '2025-07-23 16:17:14', '150'),
(8, 'hash@gmail.com', 'hash', 'pappy', '', '$2y$10$dESswOfiUCrrw.n5j5MtZOubdEpDglzhsg5sgC1Iue4KQzu2nWe7W', 'section_head', '0707070708', '1050', NULL, '2025-07-23 16:45:44', '2025-07-23 16:45:44', '161'),
(9, 'lucy@gmail.com', 'LUCY', 'WANJIKU', '', '$2y$10$ppWU8hdGZxvCyBmW3HBnFOyJzRaFY9K7fj.kRxF829G2smOtd/iuq', 'hr_manager', '0707070708', 'Kiambu', NULL, '2025-07-24 18:24:31', '2025-07-24 18:30:51', 'EMP020'),
(10, 'martinmwangi14@gmail.com', 'Mwangi', 'Mwangi', '', '$2y$10$Rf6GexZC1nDDg1gD73WpIeDIeJOmX8QI56pmfH0NzavJfpNfbmYUG', 'employee', '073354566645', 'Kihoya', NULL, '2025-07-25 05:03:20', '2025-07-25 05:03:20', 'EMP015'),
(11, 'karenjuduncan70@gmail.com', 'Dancan', 'karenju', '', '$2y$10$mYYnwoy3bAbecDsaVwopbORSa1P2piRb/Iir/crANtRJFpbnkWekK', 'super_admin', '0112554479', 'Kiambu', NULL, '2025-07-29 10:09:46', '2025-07-29 10:09:46', 'EMP019');

--
-- Indexes for dumped tables
--

--
-- Indexes for table `appraisal_cycles`
--
ALTER TABLE `appraisal_cycles`
  ADD PRIMARY KEY (`id`);

--
-- Indexes for table `appraisal_scores`
--
ALTER TABLE `appraisal_scores`
  ADD PRIMARY KEY (`id`),
  ADD UNIQUE KEY `unique_appraisal_indicator` (`employee_appraisal_id`,`performance_indicator_id`),
  ADD KEY `employee_appraisal_id` (`employee_appraisal_id`),
  ADD KEY `performance_indicator_id` (`performance_indicator_id`);

--
-- Indexes for table `departments`
--
ALTER TABLE `departments`
  ADD PRIMARY KEY (`id`);

--
-- Indexes for table `employees`
--
ALTER TABLE `employees`
  ADD PRIMARY KEY (`id`),
  ADD UNIQUE KEY `employee_id` (`employee_id`),
  ADD UNIQUE KEY `email` (`email`),
  ADD KEY `department_id` (`department_id`),
  ADD KEY `section_id` (`section_id`);

--
-- Indexes for table `employee_appraisals`
--
ALTER TABLE `employee_appraisals`
  ADD PRIMARY KEY (`id`),
  ADD UNIQUE KEY `unique_employee_cycle` (`employee_id`,`appraisal_cycle_id`),
  ADD KEY `employee_id` (`employee_id`),
  ADD KEY `appraiser_id` (`appraiser_id`),
  ADD KEY `appraisal_cycle_id` (`appraisal_cycle_id`);

--
-- Indexes for table `employee_leave_balances`
--
ALTER TABLE `employee_leave_balances`
  ADD PRIMARY KEY (`id`),
  ADD UNIQUE KEY `unique_employee_leave_year` (`employee_id`,`leave_type_id`,`financial_year_id`),
  ADD KEY `financial_year_id` (`financial_year_id`),
  ADD KEY `employee_leave_balances_ibfk_1` (`leave_type_id`);

--
-- Indexes for table `financial_years`
--
ALTER TABLE `financial_years`
  ADD PRIMARY KEY (`id`),
  ADD UNIQUE KEY `unique_year` (`start_date`,`end_date`);

--
-- Indexes for table `holidays`
--
ALTER TABLE `holidays`
  ADD PRIMARY KEY (`id`);

--
-- Indexes for table `leave_applications`
--
ALTER TABLE `leave_applications`
  ADD PRIMARY KEY (`id`),
  ADD KEY `employee_id` (`employee_id`),
  ADD KEY `leave_type_id` (`leave_type_id`);

--
-- Indexes for table `leave_balances`
--
ALTER TABLE `leave_balances`
  ADD PRIMARY KEY (`id`),
  ADD UNIQUE KEY `employee_year` (`employee_id`,`financial_year`),
  ADD KEY `fk_leave_type` (`leave_type_id`);

--
-- Indexes for table `leave_history`
--
ALTER TABLE `leave_history`
  ADD PRIMARY KEY (`id`);

--
-- Indexes for table `leave_transactions`
--
ALTER TABLE `leave_transactions`
  ADD PRIMARY KEY (`id`),
  ADD KEY `idx_application_id` (`application_id`),
  ADD KEY `idx_employee_id` (`employee_id`),
  ADD KEY `idx_transaction_date` (`transaction_date`);

--
-- Indexes for table `leave_types`
--
ALTER TABLE `leave_types`
  ADD PRIMARY KEY (`id`);

--
-- Indexes for table `notifications`
--
ALTER TABLE `notifications`
  ADD PRIMARY KEY (`id`),
  ADD KEY `employee_id` (`user_id`) USING BTREE;

--
-- Indexes for table `performance_indicators`
--
ALTER TABLE `performance_indicators`
  ADD PRIMARY KEY (`id`);

--
-- Indexes for table `sections`
--
ALTER TABLE `sections`
  ADD PRIMARY KEY (`id`),
  ADD KEY `department_id` (`department_id`);

--
-- Indexes for table `users`
--
ALTER TABLE `users`
  ADD PRIMARY KEY (`id`),
  ADD UNIQUE KEY `email` (`email`);

--
-- AUTO_INCREMENT for dumped tables
--

--
-- AUTO_INCREMENT for table `appraisal_cycles`
--
ALTER TABLE `appraisal_cycles`
  MODIFY `id` int(11) NOT NULL AUTO_INCREMENT, AUTO_INCREMENT=6;

--
-- AUTO_INCREMENT for table `appraisal_scores`
--
ALTER TABLE `appraisal_scores`
  MODIFY `id` int(11) NOT NULL AUTO_INCREMENT, AUTO_INCREMENT=374;

--
-- AUTO_INCREMENT for table `departments`
--
ALTER TABLE `departments`
  MODIFY `id` int(11) NOT NULL AUTO_INCREMENT, AUTO_INCREMENT=6;

--
-- AUTO_INCREMENT for table `employees`
--
ALTER TABLE `employees`
  MODIFY `id` int(11) NOT NULL AUTO_INCREMENT, AUTO_INCREMENT=144;

--
-- AUTO_INCREMENT for table `employee_appraisals`
--
ALTER TABLE `employee_appraisals`
  MODIFY `id` int(11) NOT NULL AUTO_INCREMENT, AUTO_INCREMENT=24;

--
-- AUTO_INCREMENT for table `employee_leave_balances`
--
ALTER TABLE `employee_leave_balances`
  MODIFY `id` int(11) NOT NULL AUTO_INCREMENT, AUTO_INCREMENT=767;

--
-- AUTO_INCREMENT for table `financial_years`
--
ALTER TABLE `financial_years`
  MODIFY `id` int(11) NOT NULL AUTO_INCREMENT, AUTO_INCREMENT=25;

--
-- AUTO_INCREMENT for table `holidays`
--
ALTER TABLE `holidays`
  MODIFY `id` int(11) NOT NULL AUTO_INCREMENT, AUTO_INCREMENT=2;

--
-- AUTO_INCREMENT for table `leave_applications`
--
ALTER TABLE `leave_applications`
  MODIFY `id` int(11) NOT NULL AUTO_INCREMENT, AUTO_INCREMENT=66;

--
-- AUTO_INCREMENT for table `leave_balances`
--
ALTER TABLE `leave_balances`
  MODIFY `id` int(11) NOT NULL AUTO_INCREMENT, AUTO_INCREMENT=9;

--
-- AUTO_INCREMENT for table `leave_history`
--
ALTER TABLE `leave_history`
  MODIFY `id` int(11) NOT NULL AUTO_INCREMENT, AUTO_INCREMENT=49;

--
-- AUTO_INCREMENT for table `leave_transactions`
--
ALTER TABLE `leave_transactions`
  MODIFY `id` int(11) NOT NULL AUTO_INCREMENT, AUTO_INCREMENT=47;

--
-- AUTO_INCREMENT for table `leave_types`
--
ALTER TABLE `leave_types`
  MODIFY `id` int(11) NOT NULL AUTO_INCREMENT, AUTO_INCREMENT=17;

--
-- AUTO_INCREMENT for table `notifications`
--
ALTER TABLE `notifications`
  MODIFY `id` int(11) NOT NULL AUTO_INCREMENT;

--
-- AUTO_INCREMENT for table `performance_indicators`
--
ALTER TABLE `performance_indicators`
  MODIFY `id` int(11) NOT NULL AUTO_INCREMENT, AUTO_INCREMENT=9;

--
-- AUTO_INCREMENT for table `sections`
--
ALTER TABLE `sections`
  MODIFY `id` int(11) NOT NULL AUTO_INCREMENT, AUTO_INCREMENT=12;

--
-- AUTO_INCREMENT for table `users`
--
ALTER TABLE `users`
  MODIFY `id` int(50) NOT NULL AUTO_INCREMENT, AUTO_INCREMENT=12;

--
-- Constraints for dumped tables
--

--
-- Constraints for table `appraisal_scores`
--
ALTER TABLE `appraisal_scores`
  ADD CONSTRAINT `appraisal_scores_ibfk_1` FOREIGN KEY (`employee_appraisal_id`) REFERENCES `employee_appraisals` (`id`) ON DELETE CASCADE,
  ADD CONSTRAINT `appraisal_scores_ibfk_2` FOREIGN KEY (`performance_indicator_id`) REFERENCES `performance_indicators` (`id`) ON DELETE CASCADE;

--
-- Constraints for table `employees`
--
ALTER TABLE `employees`
  ADD CONSTRAINT `employees_ibfk_1` FOREIGN KEY (`department_id`) REFERENCES `departments` (`id`) ON DELETE SET NULL,
  ADD CONSTRAINT `employees_ibfk_2` FOREIGN KEY (`section_id`) REFERENCES `sections` (`id`) ON DELETE SET NULL;

--
-- Constraints for table `employee_appraisals`
--
ALTER TABLE `employee_appraisals`
  ADD CONSTRAINT `employee_appraisals_ibfk_1` FOREIGN KEY (`employee_id`) REFERENCES `employees` (`id`) ON DELETE CASCADE,
  ADD CONSTRAINT `employee_appraisals_ibfk_2` FOREIGN KEY (`appraiser_id`) REFERENCES `employees` (`id`) ON DELETE CASCADE,
  ADD CONSTRAINT `employee_appraisals_ibfk_3` FOREIGN KEY (`appraisal_cycle_id`) REFERENCES `appraisal_cycles` (`id`) ON DELETE CASCADE;

--
-- Constraints for table `employee_leave_balances`
--
ALTER TABLE `employee_leave_balances`
  ADD CONSTRAINT `employee_leave_balances_ibfk_1` FOREIGN KEY (`leave_type_id`) REFERENCES `leave_types` (`id`) ON DELETE CASCADE ON UPDATE CASCADE;

--
-- Constraints for table `leave_applications`
--
ALTER TABLE `leave_applications`
  ADD CONSTRAINT `leave_applications_ibfk_1` FOREIGN KEY (`employee_id`) REFERENCES `employees` (`id`) ON DELETE CASCADE,
  ADD CONSTRAINT `leave_applications_ibfk_2` FOREIGN KEY (`leave_type_id`) REFERENCES `leave_types` (`id`);

--
-- Constraints for table `leave_balances`
--
ALTER TABLE `leave_balances`
  ADD CONSTRAINT `fk_leave_type` FOREIGN KEY (`leave_type_id`) REFERENCES `leave_types` (`id`) ON DELETE CASCADE ON UPDATE CASCADE,
  ADD CONSTRAINT `leave_balances_ibfk_1` FOREIGN KEY (`employee_id`) REFERENCES `employees` (`id`) ON DELETE CASCADE;

--
-- Constraints for table `leave_transactions`
--
ALTER TABLE `leave_transactions`
  ADD CONSTRAINT `leave_transactions_ibfk_1` FOREIGN KEY (`application_id`) REFERENCES `leave_applications` (`id`) ON DELETE CASCADE,
  ADD CONSTRAINT `leave_transactions_ibfk_2` FOREIGN KEY (`employee_id`) REFERENCES `employees` (`id`) ON DELETE CASCADE;

--
-- Constraints for table `sections`
--
ALTER TABLE `sections`
  ADD CONSTRAINT `sections_ibfk_1` FOREIGN KEY (`department_id`) REFERENCES `departments` (`id`) ON DELETE CASCADE;
COMMIT;

/*!40101 SET CHARACTER_SET_CLIENT=@OLD_CHARACTER_SET_CLIENT */;
/*!40101 SET CHARACTER_SET_RESULTS=@OLD_CHARACTER_SET_RESULTS */;
/*!40101 SET COLLATION_CONNECTION=@OLD_COLLATION_CONNECTION */;
